nohup: ignoring input
app-1  | 2026-09-18T13:04:57.625870966Z 2026-09-18 13:04:57,625 INFO telethon.network.mtprotosender: Connecting to 149.154.167.51:443/TcpFull...
app-1  | 2026-09-18T13:04:57.627180926Z 2026-09-18 13:04:57,627 INFO aiogram.dispatcher: Start polling
app-1  | 2026-09-18T13:04:57.700775124Z 2026-09-18 13:04:57,700 INFO telethon.network.mtprotosender: Connection to 149.154.167.51:443/TcpFull complete!
app-1  | 2026-09-18T13:04:57.708945970Z 2026-09-18 13:04:57,708 INFO aiogram.dispatcher: Run polling for bot @CatiousCryptoBro_bot id=8851129068 - 'CatiousCryptoBro'
app-1  | 2026-09-18T13:04:58.641751989Z 2026-09-18 13:04:58,641 INFO cautious_crypto_bro.telegram_source: Watching Telegram source: -1002132062264
app-1  | 2026-09-18T13:04:58.725685530Z 2026-09-18 13:04:58,725 INFO cautious_crypto_bro.telegram_source: Watching Telegram source: -1002243423111
app-1  | 2026-09-18T13:04:58.815071588Z 2026-09-18 13:04:58,814 INFO cautious_crypto_bro.telegram_source: Watching Telegram source: -1003965967125
app-1  | 2026-09-18T13:04:58.897559049Z 2026-09-18 13:04:58,897 INFO cautious_crypto_bro.telegram_source: Watching Telegram source: -1001262962760
app-1  | 2026-09-18T13:04:58.897593314Z 2026-09-18 13:04:58,897 INFO cautious_crypto_bro.telegram_source: Scanning Telegram history for the previous 5 hour(s)
app-1  | 2026-09-18T13:04:59.261825759Z 2026-09-18 13:04:59,261 INFO cautious_crypto_bro.telegram_source: Startup lookback found 11 message(s) / 6 post(s) in MENSA TRADING
app-1  | 2026-09-18T13:04:59.265542242Z 2026-09-18 13:04:59,265 INFO telethon.client.downloads: Starting direct file download in chunks of 131072 at 0, stride 131072
app-1  | 2026-09-18T13:04:59.523681615Z 2026-09-18 13:04:59,523 INFO telethon.client.downloads: Starting direct file download in chunks of 131072 at 0, stride 131072
app-1  | 2026-09-18T13:04:59.781898224Z 2026-09-18 13:04:59,781 INFO telethon.client.downloads: Starting direct file download in chunks of 131072 at 0, stride 131072
app-1  | 2026-09-18T13:05:00.215074954Z 2026-09-18 13:05:00,214 INFO telethon.client.downloads: Starting direct file download in chunks of 131072 at 0, stride 131072
app-1  | 2026-09-18T13:05:00.382954619Z 2026-09-18 13:05:00,382 INFO telethon.client.downloads: Starting direct file download in chunks of 131072 at 0, stride 131072
app-1  | 2026-09-18T13:05:00.531721038Z 2026-09-18 13:05:00,531 INFO telethon.client.downloads: Starting direct file download in chunks of 131072 at 0, stride 131072
app-1  | 2026-09-18T13:05:00.662868329Z 2026-09-18 13:05:00,662 INFO telethon.client.downloads: Starting direct file download in chunks of 131072 at 0, stride 131072
app-1  | 2026-09-18T13:05:01.024876301Z 2026-09-18 13:05:01,024 INFO cautious_crypto_bro.telegram_source: Startup lookback found 8 message(s) / 7 post(s) in Мысли Эмилии
app-1  | 2026-09-18T13:05:01.024911889Z 2026-09-18 13:05:01,024 INFO telethon.client.downloads: Starting direct file download in chunks of 131072 at 0, stride 131072
app-1  | 2026-09-18T13:05:02.826168901Z 2026-09-18 13:05:02,825 INFO httpx: HTTP Request: GET https://api-demo.bybit.com/v5/market/time "HTTP/1.1 200 OK"
app-1  | 2026-09-18T13:05:02.826344167Z 2026-09-18 13:05:02,826 INFO cautious_crypto_bro.bybit: Bybit clock offset +24412 ms (RTT 1680 ms)
app-1  | 2026-09-18T13:05:03.058725337Z 2026-09-18 13:05:03,058 INFO httpx: HTTP Request: GET https://api-demo.bybit.com/v5/position/list?category=linear&settleCoin=USDT&limit=200 "HTTP/1.1 200 OK"
app-1  | 2026-09-18T13:05:03.302802031Z 2026-09-18 13:05:03,302 INFO httpx: HTTP Request: GET https://api-demo.bybit.com/v5/position/list?category=linear&settleCoin=USDT&limit=200&cursor=XLMUSDT%252C1789718400113%252C0 "HTTP/1.1 200 OK"
app-1  | 2026-09-18T13:05:03.855000995Z 2026-09-18 13:05:03,854 INFO httpx: HTTP Request: GET https://api-demo.bybit.com/v5/order/realtime?category=linear&settleCoin=USDT&openOnly=0&limit=50 "HTTP/1.1 200 OK"
app-1  | 2026-09-18T13:05:04.086410451Z 2026-09-18 13:05:04,085 INFO httpx: HTTP Request: GET https://api-demo.bybit.com/v5/order/realtime?category=linear&settleCoin=USDT&openOnly=0&limit=50&cursor=cc1e57ef-eba0-425f-9027-33d5b834ae0a%253A1789735581015%252C33134651-4d5b-4043-b54c-2a578f32b7a0%253A1789398492436 "HTTP/1.1 200 OK"
app-1  | 2026-09-18T13:05:06.848725771Z 2026-09-18 13:05:06,848 INFO httpx: HTTP Request: POST https://openrouter.ai/api/v1/chat/completions "HTTP/1.1 200 OK"
app-1  | 2026-09-18T13:05:10.091025727Z 2026-09-18 13:05:10,090 INFO cautious_crypto_bro.openrouter: OpenRouter inference for -1002243423111/8016 (1 image(s)) completed in 5.99s on attempt 1/3
app-1  | 2026-09-18T13:05:10.096706960Z 2026-09-18 13:05:10,096 WARNING cautious_crypto_bro.service: Position action REDUCE ZECUSDT remains MANUAL because live position count is 0
app-1  | 2026-09-18T13:05:10.554709686Z 2026-09-18 13:05:10,554 INFO httpx: HTTP Request: GET https://api-demo.bybit.com/v5/position/closed-pnl?category=linear&startTime=1789649713500&endTime=1789736710096&limit=100 "HTTP/1.1 200 OK"
app-1  | 2026-09-18T13:05:10.789610163Z 2026-09-18 13:05:10,789 INFO httpx: HTTP Request: GET https://api-demo.bybit.com/v5/position/closed-pnl?category=linear&startTime=1789649713500&endTime=1789736710096&limit=100&cursor=3a55e1ce-6245-4df0-899b-69b625af9075%253A1789715877730090586%252C057bd656-3dd5-4eb8-bba5-32e0a4d32d3b%253A1789715874276155948 "HTTP/1.1 200 OK"
app-1  | 2026-09-18T13:05:11.212070599Z 2026-09-18 13:05:11,211 INFO telethon.client.downloads: Starting direct file download in chunks of 131072 at 0, stride 131072
app-1  | 2026-09-18T13:05:11.548280877Z 2026-09-18 13:05:11,548 INFO telethon.client.downloads: Starting direct file download in chunks of 131072 at 0, stride 131072
app-1  | 2026-09-18T13:05:11.942088297Z 2026-09-18 13:05:11,941 INFO httpx: HTTP Request: GET https://api-demo.bybit.com/v5/position/list?category=linear&settleCoin=USDT&limit=200 "HTTP/1.1 200 OK"
app-1  | 2026-09-18T13:05:12.175357119Z 2026-09-18 13:05:12,175 INFO httpx: HTTP Request: GET https://api-demo.bybit.com/v5/position/list?category=linear&settleCoin=USDT&limit=200&cursor=XLMUSDT%252C1789718400113%252C0 "HTTP/1.1 200 OK"
app-1  | 2026-09-18T13:05:12.417643362Z 2026-09-18 13:05:12,417 INFO httpx: HTTP Request: GET https://api-demo.bybit.com/v5/order/realtime?category=linear&settleCoin=USDT&openOnly=0&limit=50 "HTTP/1.1 200 OK"
app-1  | 2026-09-18T13:05:12.650049639Z 2026-09-18 13:05:12,649 INFO httpx: HTTP Request: GET https://api-demo.bybit.com/v5/order/realtime?category=linear&settleCoin=USDT&openOnly=0&limit=50&cursor=cc1e57ef-eba0-425f-9027-33d5b834ae0a%253A1789735581015%252C33134651-4d5b-4043-b54c-2a578f32b7a0%253A1789398492436 "HTTP/1.1 200 OK"
app-1  | 2026-09-18T13:05:15.933994053Z 2026-09-18 13:05:15,933 INFO httpx: HTTP Request: POST https://openrouter.ai/api/v1/chat/completions "HTTP/1.1 200 OK"
app-1  | 2026-09-18T13:05:16.621698123Z 2026-09-18 13:05:16,621 INFO cautious_crypto_bro.openrouter: OpenRouter inference for -1002243423111/8017 (2 image(s)) completed in 3.96s on attempt 1/3
app-1  | 2026-09-18T13:05:16.626558198Z 2026-09-18 13:05:16,626 INFO cautious_crypto_bro.openrouter: No actionable intent for -1002243423111/8017: The post contains market commentary and price predictions (BTC below 74k, then 73k) but does not provide an executable trade signal with entry, direction, and stop loss.
app-1  | 2026-09-18T13:05:16.635130079Z 2026-09-18 13:05:16,635 INFO cautious_crypto_bro.telegram_source: Ignoring Telegram message group starting at 8019: no text or supported images
app-1  | 2026-09-18T13:05:16.635202687Z 2026-09-18 13:05:16,635 INFO telethon.client.downloads: Starting direct file download in chunks of 131072 at 0, stride 131072
app-1  | 2026-09-18T13:05:16.741040141Z 2026-09-18 13:05:16,740 INFO telethon.client.downloads: Starting direct file download in chunks of 131072 at 0, stride 131072
app-1  | 2026-09-18T13:05:16.850363690Z 2026-09-18 13:05:16,850 INFO cautious_crypto_bro.telegram_source: Ignoring Telegram message group starting at 8022: no text or supported images
app-1  | 2026-09-18T13:05:17.065604394Z 2026-09-18 13:05:17,065 INFO cautious_crypto_bro.telegram_source: Startup lookback found 8 message(s) / 7 post(s) in Scalping Blog | Адель
app-1  | 2026-09-18T13:05:17.065643479Z 2026-09-18 13:05:17,065 INFO telethon.client.downloads: Starting direct file download in chunks of 131072 at 0, stride 131072
app-1  | 2026-09-18T13:05:17.208961120Z 2026-09-18 13:05:17,208 INFO telethon.client.downloads: Starting direct file download in chunks of 131072 at 0, stride 131072
app-1  | 2026-09-18T13:05:17.323105940Z 2026-09-18 13:05:17,322 INFO telethon.client.downloads: Starting direct file download in chunks of 131072 at 0, stride 131072
app-1  | 2026-09-18T13:05:17.610525253Z 2026-09-18 13:05:17,610 INFO telethon.client.downloads: Starting direct file download in chunks of 131072 at 0, stride 131072
app-1  | 2026-09-18T13:05:18.018418730Z 2026-09-18 13:05:18,018 INFO cautious_crypto_bro.telegram_source: Startup lookback found 6 message(s) / 6 post(s) in Торговый дневник Соколова
app-1  | 2026-09-18T13:05:18.020451561Z 2026-09-18 13:05:18,020 INFO telethon.client.downloads: Starting direct file download in chunks of 131072 at 0, stride 131072
app-1  | 2026-09-18T13:05:19.919991624Z 2026-09-18 13:05:19,919 INFO httpx: HTTP Request: GET https://api-demo.bybit.com/v5/position/list?category=linear&settleCoin=USDT&limit=200 "HTTP/1.1 200 OK"
app-1  | 2026-09-18T13:05:20.153842013Z 2026-09-18 13:05:20,153 INFO httpx: HTTP Request: GET https://api-demo.bybit.com/v5/position/list?category=linear&settleCoin=USDT&limit=200&cursor=XLMUSDT%252C1789718400113%252C0 "HTTP/1.1 200 OK"
app-1  | 2026-09-18T13:05:20.385663792Z 2026-09-18 13:05:20,385 INFO httpx: HTTP Request: GET https://api-demo.bybit.com/v5/order/realtime?category=linear&settleCoin=USDT&openOnly=0&limit=50 "HTTP/1.1 200 OK"
app-1  | 2026-09-18T13:05:20.619576011Z 2026-09-18 13:05:20,619 INFO httpx: HTTP Request: GET https://api-demo.bybit.com/v5/order/realtime?category=linear&settleCoin=USDT&openOnly=0&limit=50&cursor=cc1e57ef-eba0-425f-9027-33d5b834ae0a%253A1789735581015%252C33134651-4d5b-4043-b54c-2a578f32b7a0%253A1789398492436 "HTTP/1.1 200 OK"
app-1  | 2026-09-18T13:05:24.216885221Z 2026-09-18 13:05:24,216 INFO httpx: HTTP Request: POST https://openrouter.ai/api/v1/chat/completions "HTTP/1.1 200 OK"
app-1  | 2026-09-18T13:05:37.923689399Z 2026-09-18 13:05:37,923 INFO cautious_crypto_bro.openrouter: OpenRouter inference for -1001262962760/99532 (1 image(s)) completed in 17.29s on attempt 1/3
app-1  | 2026-09-18T13:05:39.354972677Z 2026-09-18 13:05:39,354 INFO httpx: HTTP Request: GET https://api-demo.bybit.com/v5/market/tickers?category=linear&symbol=BTCUSDT "HTTP/1.1 200 OK"
app-1  | 2026-09-18T13:05:39.578165753Z 2026-09-18 13:05:39,577 INFO httpx: HTTP Request: GET https://api-demo.bybit.com/v5/market/instruments-info?category=linear&symbol=BTCUSDT "HTTP/1.1 200 OK"
app-1  | 2026-09-18T13:05:39.584883836Z 2026-09-18 13:05:39,578 ERROR cautious_crypto_bro.service: Execution planning failed for candidate BTCUSDT from -1001262962760/99532
app-1  | 2026-09-18T13:05:39.584922389Z Traceback (most recent call last):
app-1  | 2026-09-18T13:05:39.584927138Z   File "/app/src/cautious_crypto_bro/service.py", line 466, in on_message
app-1  | 2026-09-18T13:05:39.584931326Z     plan = self._planner.plan(
app-1  | 2026-09-18T13:05:39.584935264Z            ^^^^^^^^^^^^^^^^^^^
app-1  | 2026-09-18T13:05:39.584939151Z   File "/app/src/cautious_crypto_bro/execution.py", line 68, in plan
app-1  | 2026-09-18T13:05:39.584943199Z     self._validate_geometry(
app-1  | 2026-09-18T13:05:39.584947046Z   File "/app/src/cautious_crypto_bro/execution.py", line 412, in _validate_geometry
app-1  | 2026-09-18T13:05:39.584951315Z     raise ExecutionPlanningError(
app-1  | 2026-09-18T13:05:39.584955202Z cautious_crypto_bro.execution.ExecutionPlanningError: Rounded LONG take-profit geometry is invalid
app-1  | 2026-09-18T13:05:39.601070251Z 2026-09-18 13:05:39,600 INFO telethon.client.downloads: Starting direct file download in chunks of 131072 at 0, stride 131072
app-1  | 2026-09-18T13:05:39.730099385Z 2026-09-18 13:05:39,729 INFO cautious_crypto_bro.telegram_source: Telegram startup complete; listening for live updates
app-1  | 2026-09-18T13:14:58.660791868Z 2026-09-18 13:14:58,660 INFO telethon.client.downloads: Starting direct file download in chunks of 131072 at 0, stride 131072
app-1  | 2026-09-18T13:14:59.588325681Z 2026-09-18 13:14:59,588 INFO httpx: HTTP Request: GET https://api-demo.bybit.com/v5/market/time "HTTP/1.1 200 OK"
app-1  | 2026-09-18T13:14:59.588504024Z 2026-09-18 13:14:59,588 INFO cautious_crypto_bro.bybit: Bybit clock offset +23975 ms (RTT 801 ms)
app-1  | 2026-09-18T13:14:59.848141439Z 2026-09-18 13:14:59,847 INFO httpx: HTTP Request: GET https://api-demo.bybit.com/v5/position/list?category=linear&settleCoin=USDT&limit=200 "HTTP/1.1 200 OK"
app-1  | 2026-09-18T13:15:00.090127674Z 2026-09-18 13:15:00,089 INFO httpx: HTTP Request: GET https://api-demo.bybit.com/v5/position/list?category=linear&settleCoin=USDT&limit=200&cursor=XLMUSDT%252C1789718400113%252C0 "HTTP/1.1 200 OK"
app-1  | 2026-09-18T13:15:00.330364215Z 2026-09-18 13:15:00,330 INFO httpx: HTTP Request: GET https://api-demo.bybit.com/v5/order/realtime?category=linear&settleCoin=USDT&openOnly=0&limit=50 "HTTP/1.1 200 OK"
app-1  | 2026-09-18T13:15:00.570407888Z 2026-09-18 13:15:00,570 INFO httpx: HTTP Request: GET https://api-demo.bybit.com/v5/order/realtime?category=linear&settleCoin=USDT&openOnly=0&limit=50&cursor=cc1e57ef-eba0-425f-9027-33d5b834ae0a%253A1789735581015%252C33134651-4d5b-4043-b54c-2a578f32b7a0%253A1789398492436 "HTTP/1.1 200 OK"
app-1  | 2026-09-18T13:15:04.383322505Z 2026-09-18 13:15:04,383 INFO httpx: HTTP Request: POST https://openrouter.ai/api/v1/chat/completions "HTTP/1.1 200 OK"
app-1  | 2026-09-18T13:15:06.683902753Z 2026-09-18 13:15:06,683 WARNING cautious_crypto_bro.openrouter: Invalid OpenRouter structured output for -1001262962760/99538 on attempt 1/3: 1 validation error for IntentExtraction
app-1  | 2026-09-18T13:15:06.683941016Z intents.0.confidence
app-1  | 2026-09-18T13:15:06.683943942Z   Field required [type=missing, input_value={'symbol': 'NEARUSDT', 's...on NEARUSDT at market.'}, input_type=dict]
app-1  | 2026-09-18T13:15:06.683946717Z     For further information visit https://errors.pydantic.dev/2.13/v/missing
app-1  | 2026-09-18T13:15:06.683949262Z 2026-09-18 13:15:06,683 WARNING cautious_crypto_bro.openrouter: OpenRouter attempt 1/3 failed for -1001262962760/99538: OpenRouter returned invalid structured output; retrying
app-1  | 2026-09-18T13:15:13.177085600Z 2026-09-18 13:15:13,176 INFO httpx: HTTP Request: POST https://openrouter.ai/api/v1/chat/completions "HTTP/1.1 200 OK"
app-1  | 2026-09-18T13:15:15.658256205Z 2026-09-18 13:15:15,658 INFO cautious_crypto_bro.openrouter: OpenRouter inference for -1001262962760/99538 (1 image(s)) completed in 8.47s on attempt 2/3
app-1  | 2026-09-18T13:15:15.662940100Z 2026-09-18 13:15:15,662 WARNING cautious_crypto_bro.openrouter: Dropping incomplete OPEN candidate from -1001262962760/99538 for NEARUSDT
app-1  | 2026-09-18T13:15:15.662954408Z 2026-09-18 13:15:15,662 INFO cautious_crypto_bro.openrouter: No actionable intent for -1001262962760/99538: The post text 'Открыли?' (Opened?) combined with an exchange screenshot showing an active NEARUSDT short position with a profit of +34.34% indicates the trader has just entered this position. Since there is no existing position for NEARUSDT in the source history, this is a NEW trade. The screenshot provides the entry price (3.611) and the side (Short), but since the position is already live in the screenshot, it is treated as a MARKET entry for the purpose of copying the current state.
app-1  | 2026-09-18T13:56:47.916974917Z 2026-09-18 13:56:47,916 INFO telethon.client.downloads: Starting direct file download in chunks of 131072 at 0, stride 131072
app-1  | 2026-09-18T13:56:49.830477547Z 2026-09-18 13:56:49,830 INFO httpx: HTTP Request: GET https://api-demo.bybit.com/v5/market/time "HTTP/1.1 200 OK"
app-1  | 2026-09-18T13:56:49.830603829Z 2026-09-18 13:56:49,830 INFO cautious_crypto_bro.bybit: Bybit clock offset +24483 ms (RTT 1771 ms)
app-1  | 2026-09-18T13:56:50.058087104Z 2026-09-18 13:56:50,057 INFO httpx: HTTP Request: GET https://api-demo.bybit.com/v5/position/list?category=linear&settleCoin=USDT&limit=200 "HTTP/1.1 200 OK"
app-1  | 2026-09-18T13:56:50.285658108Z 2026-09-18 13:56:50,285 INFO httpx: HTTP Request: GET https://api-demo.bybit.com/v5/position/list?category=linear&settleCoin=USDT&limit=200&cursor=XLMUSDT%252C1789718400113%252C0 "HTTP/1.1 200 OK"
app-1  | 2026-09-18T13:56:50.512376300Z 2026-09-18 13:56:50,512 INFO httpx: HTTP Request: GET https://api-demo.bybit.com/v5/order/realtime?category=linear&settleCoin=USDT&openOnly=0&limit=50 "HTTP/1.1 200 OK"
app-1  | 2026-09-18T13:56:50.741563081Z 2026-09-18 13:56:50,741 INFO httpx: HTTP Request: GET https://api-demo.bybit.com/v5/order/realtime?category=linear&settleCoin=USDT&openOnly=0&limit=50&cursor=cc1e57ef-eba0-425f-9027-33d5b834ae0a%253A1789735581015%252C33134651-4d5b-4043-b54c-2a578f32b7a0%253A1789398492436 "HTTP/1.1 200 OK"
app-1  | 2026-09-18T13:56:54.417999216Z 2026-09-18 13:56:54,417 INFO httpx: HTTP Request: POST https://openrouter.ai/api/v1/chat/completions "HTTP/1.1 200 OK"
app-1  | 2026-09-18T13:57:01.054432754Z 2026-09-18 13:57:01,054 INFO cautious_crypto_bro.openrouter: OpenRouter inference for -1001262962760/99539 (1 image(s)) completed in 10.30s on attempt 1/3
app-1  | 2026-09-18T13:57:01.059298739Z 2026-09-18 13:57:01,059 INFO cautious_crypto_bro.openrouter: Ignoring UPDATE_EXISTING candidate from -1001262962760/99539 for NEARUSDT
app-1  | 2026-09-18T13:57:01.059499713Z 2026-09-18 13:57:01,059 WARNING cautious_crypto_bro.service: Position action REDUCE NEARUSDT remains MANUAL because live position count is 0
app-1  | 2026-09-18T13:57:01.506021758Z 2026-09-18 13:57:01,505 INFO httpx: HTTP Request: GET https://api-demo.bybit.com/v5/position/closed-pnl?category=linear&startTime=1789650310096&endTime=1789739821059&limit=100 "HTTP/1.1 200 OK"
app-1  | 2026-09-18T13:57:01.742438258Z 2026-09-18 13:57:01,742 INFO httpx: HTTP Request: GET https://api-demo.bybit.com/v5/position/closed-pnl?category=linear&startTime=1789650310096&endTime=1789739821059&limit=100&cursor=3a55e1ce-6245-4df0-899b-69b625af9075%253A1789715877730090586%252C057bd656-3dd5-4eb8-bba5-32e0a4d32d3b%253A1789715874276155948 "HTTP/1.1 200 OK"
app-1  | 2026-09-18T14:10:47.650214946Z 2026-09-18 14:10:47,650 INFO telethon.client.downloads: Starting direct file download in chunks of 131072 at 0, stride 131072
app-1  | 2026-09-18T14:10:47.774376073Z 2026-09-18 14:10:47,774 INFO telethon.client.downloads: Starting direct file download in chunks of 131072 at 0, stride 131072
app-1  | 2026-09-18T14:10:49.622177343Z 2026-09-18 14:10:49,621 INFO httpx: HTTP Request: GET https://api-demo.bybit.com/v5/market/time "HTTP/1.1 200 OK"
app-1  | 2026-09-18T14:10:49.622296069Z 2026-09-18 14:10:49,622 INFO cautious_crypto_bro.bybit: Bybit clock offset +24458 ms (RTT 1719 ms)
app-1  | 2026-09-18T14:10:49.859093160Z 2026-09-18 14:10:49,858 INFO httpx: HTTP Request: GET https://api-demo.bybit.com/v5/position/list?category=linear&settleCoin=USDT&limit=200 "HTTP/1.1 200 OK"
app-1  | 2026-09-18T14:10:50.095057386Z 2026-09-18 14:10:50,094 INFO httpx: HTTP Request: GET https://api-demo.bybit.com/v5/position/list?category=linear&settleCoin=USDT&limit=200&cursor=XLMUSDT%252C1789718400113%252C0 "HTTP/1.1 200 OK"
app-1  | 2026-09-18T14:10:50.329288526Z 2026-09-18 14:10:50,329 INFO httpx: HTTP Request: GET https://api-demo.bybit.com/v5/order/realtime?category=linear&settleCoin=USDT&openOnly=0&limit=50 "HTTP/1.1 200 OK"
app-1  | 2026-09-18T14:10:50.563886621Z 2026-09-18 14:10:50,563 INFO httpx: HTTP Request: GET https://api-demo.bybit.com/v5/order/realtime?category=linear&settleCoin=USDT&openOnly=0&limit=50&cursor=cc1e57ef-eba0-425f-9027-33d5b834ae0a%253A1789735581015%252C33134651-4d5b-4043-b54c-2a578f32b7a0%253A1789398492436 "HTTP/1.1 200 OK"
app-1  | 2026-09-18T14:11:06.717431831Z 2026-09-18 14:11:06,717 INFO httpx: HTTP Request: POST https://openrouter.ai/api/v1/chat/completions "HTTP/1.1 200 OK"
app-1  | 2026-09-18T14:11:11.181474383Z 2026-09-18 14:11:11,181 INFO cautious_crypto_bro.openrouter: OpenRouter inference for -1001262962760/99540 (2 image(s)) completed in 20.61s on attempt 1/3
app-1  | 2026-09-18T14:11:11.186346026Z 2026-09-18 14:11:11,186 INFO cautious_crypto_bro.openrouter: No actionable intent for -1001262962760/99540: The post contains market commentary and chart observations regarding Bitcoin and Ethereum consolidation, but does not provide explicit trade instructions (entry, side, or stop loss) for new trades or actions on existing positions.
app-1  | 2026-09-18T14:11:17.736919141Z 2026-09-18 14:11:17,736 INFO httpx: HTTP Request: GET https://api-demo.bybit.com/v5/position/list?category=linear&settleCoin=USDT&limit=200 "HTTP/1.1 200 OK"
app-1  | 2026-09-18T14:11:17.970433568Z 2026-09-18 14:11:17,970 INFO httpx: HTTP Request: GET https://api-demo.bybit.com/v5/position/list?category=linear&settleCoin=USDT&limit=200&cursor=XLMUSDT%252C1789718400113%252C0 "HTTP/1.1 200 OK"
app-1  | 2026-09-18T14:11:18.202178318Z 2026-09-18 14:11:18,201 INFO httpx: HTTP Request: GET https://api-demo.bybit.com/v5/order/realtime?category=linear&settleCoin=USDT&openOnly=0&limit=50 "HTTP/1.1 200 OK"
app-1  | 2026-09-18T14:11:18.434115679Z 2026-09-18 14:11:18,433 INFO httpx: HTTP Request: GET https://api-demo.bybit.com/v5/order/realtime?category=linear&settleCoin=USDT&openOnly=0&limit=50&cursor=cc1e57ef-eba0-425f-9027-33d5b834ae0a%253A1789735581015%252C33134651-4d5b-4043-b54c-2a578f32b7a0%253A1789398492436 "HTTP/1.1 200 OK"
app-1  | 2026-09-18T14:11:19.823282232Z 2026-09-18 14:11:19,823 INFO httpx: HTTP Request: POST https://openrouter.ai/api/v1/chat/completions "HTTP/1.1 200 OK"
app-1  | 2026-09-18T14:11:22.822109117Z 2026-09-18 14:11:22,821 INFO cautious_crypto_bro.openrouter: OpenRouter inference for -1001262962760/99542 (0 image(s)) completed in 4.38s on attempt 1/3
app-1  | 2026-09-18T14:11:22.826739545Z 2026-09-18 14:11:22,826 INFO cautious_crypto_bro.openrouter: No actionable intent for -1001262962760/99542: The post contains only market observations and commentary without any new trade proposals or instructions for existing positions.
app-1  | 2026-09-18T14:56:59.617388794Z 2026-09-18 14:56:59,617 INFO telethon.client.downloads: Starting direct file download in chunks of 131072 at 0, stride 131072
app-1  | 2026-09-18T14:57:01.800827713Z 2026-09-18 14:57:01,800 INFO httpx: HTTP Request: GET https://api-demo.bybit.com/v5/market/time "HTTP/1.1 200 OK"
app-1  | 2026-09-18T14:57:01.800974904Z 2026-09-18 14:57:01,800 INFO cautious_crypto_bro.bybit: Bybit clock offset +24612 ms (RTT 2030 ms)
app-1  | 2026-09-18T14:57:02.063365001Z 2026-09-18 14:57:02,063 INFO httpx: HTTP Request: GET https://api-demo.bybit.com/v5/position/list?category=linear&settleCoin=USDT&limit=200 "HTTP/1.1 200 OK"
app-1  | 2026-09-18T14:57:02.326037403Z 2026-09-18 14:57:02,325 INFO httpx: HTTP Request: GET https://api-demo.bybit.com/v5/position/list?category=linear&settleCoin=USDT&limit=200&cursor=XLMUSDT%252C1789718400113%252C0 "HTTP/1.1 200 OK"
app-1  | 2026-09-18T14:57:02.585920277Z 2026-09-18 14:57:02,585 INFO httpx: HTTP Request: GET https://api-demo.bybit.com/v5/order/realtime?category=linear&settleCoin=USDT&openOnly=0&limit=50 "HTTP/1.1 200 OK"
app-1  | 2026-09-18T14:57:02.847248624Z 2026-09-18 14:57:02,847 INFO httpx: HTTP Request: GET https://api-demo.bybit.com/v5/order/realtime?category=linear&settleCoin=USDT&openOnly=0&limit=50&cursor=cc1e57ef-eba0-425f-9027-33d5b834ae0a%253A1789735581015%252C33134651-4d5b-4043-b54c-2a578f32b7a0%253A1789398492436 "HTTP/1.1 200 OK"
app-1  | 2026-09-18T14:57:08.545402314Z 2026-09-18 14:57:08,545 INFO httpx: HTTP Request: POST https://openrouter.ai/api/v1/chat/completions "HTTP/1.1 200 OK"
app-1  | 2026-09-18T14:57:11.202631028Z 2026-09-18 14:57:11,202 INFO cautious_crypto_bro.openrouter: OpenRouter inference for -1001262962760/99543 (1 image(s)) completed in 8.34s on attempt 1/3
app-1  | 2026-09-18T14:57:11.207606211Z 2026-09-18 14:57:11,207 INFO cautious_crypto_bro.openrouter: No actionable intent for -1001262962760/99543: The post contains only market observations ('will observe the market') without any explicit trade instructions or entry/exit signals.
app-1  | 2026-09-18T16:51:32.894179630Z 2026-09-18 16:51:32,893 INFO httpx: HTTP Request: GET https://api-demo.bybit.com/v5/market/time "HTTP/1.1 200 OK"
app-1  | 2026-09-18T16:51:32.894369613Z 2026-09-18 16:51:32,894 INFO cautious_crypto_bro.bybit: Bybit clock offset +24038 ms (RTT 769 ms)
app-1  | 2026-09-18T16:51:33.129055064Z 2026-09-18 16:51:33,128 INFO httpx: HTTP Request: GET https://api-demo.bybit.com/v5/position/list?category=linear&settleCoin=USDT&limit=200 "HTTP/1.1 200 OK"
app-1  | 2026-09-18T16:51:33.355963017Z 2026-09-18 16:51:33,355 INFO httpx: HTTP Request: GET https://api-demo.bybit.com/v5/position/list?category=linear&settleCoin=USDT&limit=200&cursor=XLMUSDT%252C1789747200178%252C0 "HTTP/1.1 200 OK"
app-1  | 2026-09-18T16:51:33.580723411Z 2026-09-18 16:51:33,580 INFO httpx: HTTP Request: GET https://api-demo.bybit.com/v5/order/realtime?category=linear&settleCoin=USDT&openOnly=0&limit=50 "HTTP/1.1 200 OK"
app-1  | 2026-09-18T16:51:33.805116352Z 2026-09-18 16:51:33,804 INFO httpx: HTTP Request: GET https://api-demo.bybit.com/v5/order/realtime?category=linear&settleCoin=USDT&openOnly=0&limit=50&cursor=cc1e57ef-eba0-425f-9027-33d5b834ae0a%253A1789735581015%252C33134651-4d5b-4043-b54c-2a578f32b7a0%253A1789398492436 "HTTP/1.1 200 OK"
app-1  | 2026-09-18T16:51:35.529174344Z 2026-09-18 16:51:35,528 INFO httpx: HTTP Request: POST https://openrouter.ai/api/v1/chat/completions "HTTP/1.1 200 OK"
app-1  | 2026-09-18T16:51:37.744568566Z 2026-09-18 16:51:37,744 INFO cautious_crypto_bro.openrouter: OpenRouter inference for -1002132062264/11587 (0 image(s)) completed in 3.93s on attempt 1/3
app-1  | 2026-09-18T16:51:37.749770684Z 2026-09-18 16:51:37,749 INFO cautious_crypto_bro.openrouter: No actionable intent for -1002132062264/11587: The post contains only promotional content and does not contain any trading signals or instructions for existing positions.
app-1  | 2026-09-18T17:04:59.476993686Z 2026-09-18 17:04:59,476 INFO telethon.client.updates: Got difference for channel 2588429339 updates
app-1  | 2026-09-18T17:49:03.162127573Z 2026-09-18 17:49:03,161 INFO httpx: HTTP Request: GET https://api-demo.bybit.com/v5/market/time "HTTP/1.1 200 OK"
app-1  | 2026-09-18T17:49:03.162256328Z 2026-09-18 17:49:03,162 INFO cautious_crypto_bro.bybit: Bybit clock offset +24560 ms (RTT 1809 ms)
app-1  | 2026-09-18T17:49:03.425744154Z 2026-09-18 17:49:03,425 INFO httpx: HTTP Request: GET https://api-demo.bybit.com/v5/position/list?category=linear&settleCoin=USDT&limit=200 "HTTP/1.1 200 OK"
app-1  | 2026-09-18T17:49:03.703239607Z 2026-09-18 17:49:03,703 INFO httpx: HTTP Request: GET https://api-demo.bybit.com/v5/position/list?category=linear&settleCoin=USDT&limit=200&cursor=XLMUSDT%252C1789747200178%252C0 "HTTP/1.1 200 OK"
app-1  | 2026-09-18T17:49:03.959000397Z 2026-09-18 17:49:03,958 INFO httpx: HTTP Request: GET https://api-demo.bybit.com/v5/order/realtime?category=linear&settleCoin=USDT&openOnly=0&limit=50 "HTTP/1.1 200 OK"
app-1  | 2026-09-18T17:49:04.214891575Z 2026-09-18 17:49:04,214 INFO httpx: HTTP Request: GET https://api-demo.bybit.com/v5/order/realtime?category=linear&settleCoin=USDT&openOnly=0&limit=50&cursor=cc1e57ef-eba0-425f-9027-33d5b834ae0a%253A1789735581015%252C33134651-4d5b-4043-b54c-2a578f32b7a0%253A1789398492436 "HTTP/1.1 200 OK"
app-1  | 2026-09-18T17:49:05.058252223Z 2026-09-18 17:49:05,058 INFO httpx: HTTP Request: POST https://openrouter.ai/api/v1/chat/completions "HTTP/1.1 200 OK"
app-1  | 2026-09-18T17:49:08.080059941Z 2026-09-18 17:49:08,079 INFO cautious_crypto_bro.openrouter: OpenRouter inference for -1001262962760/99545 (0 image(s)) completed in 3.85s on attempt 1/3
app-1  | 2026-09-18T17:49:08.084614485Z 2026-09-18 17:49:08,084 INFO cautious_crypto_bro.openrouter: No actionable intent for -1001262962760/99545: The post contains only market observations and price levels without any explicit trade instructions (entry, stop loss, or direction) or position actions.
app-1  | 2026-09-18T17:54:55.416117880Z 2026-09-18 17:54:55,415 INFO httpx: HTTP Request: GET https://api-demo.bybit.com/v5/market/time "HTTP/1.1 200 OK"
app-1  | 2026-09-18T17:54:55.416222649Z 2026-09-18 17:54:55,416 INFO cautious_crypto_bro.bybit: Bybit clock offset +24502 ms (RTT 1649 ms)
app-1  | 2026-09-18T17:54:55.636597185Z 2026-09-18 17:54:55,636 INFO httpx: HTTP Request: GET https://api-demo.bybit.com/v5/position/list?category=linear&settleCoin=USDT&limit=200 "HTTP/1.1 200 OK"
app-1  | 2026-09-18T17:54:55.857647088Z 2026-09-18 17:54:55,857 INFO httpx: HTTP Request: GET https://api-demo.bybit.com/v5/position/list?category=linear&settleCoin=USDT&limit=200&cursor=XLMUSDT%252C1789747200178%252C0 "HTTP/1.1 200 OK"
app-1  | 2026-09-18T17:54:56.077301174Z 2026-09-18 17:54:56,077 INFO httpx: HTTP Request: GET https://api-demo.bybit.com/v5/order/realtime?category=linear&settleCoin=USDT&openOnly=0&limit=50 "HTTP/1.1 200 OK"
app-1  | 2026-09-18T17:54:56.296710653Z 2026-09-18 17:54:56,296 INFO httpx: HTTP Request: GET https://api-demo.bybit.com/v5/order/realtime?category=linear&settleCoin=USDT&openOnly=0&limit=50&cursor=cc1e57ef-eba0-425f-9027-33d5b834ae0a%253A1789735581015%252C33134651-4d5b-4043-b54c-2a578f32b7a0%253A1789398492436 "HTTP/1.1 200 OK"
app-1  | 2026-09-18T17:54:57.531427648Z 2026-09-18 17:54:57,531 INFO httpx: HTTP Request: POST https://openrouter.ai/api/v1/chat/completions "HTTP/1.1 200 OK"
app-1  | 2026-09-18T17:54:58.618024902Z 2026-09-18 17:54:58,617 INFO cautious_crypto_bro.openrouter: OpenRouter inference for -1003965967125/2975 (0 image(s)) completed in 2.31s on attempt 1/3
app-1  | 2026-09-18T17:54:58.622707758Z 2026-09-18 17:54:58,622 INFO cautious_crypto_bro.openrouter: No actionable intent for -1003965967125/2975: The post is promotional content/text about a different trader and does not contain any trading signals or instructions for existing positions.
app-1  | 2026-09-18T18:19:59.720480220Z 2026-09-18 18:19:59,720 INFO telethon.client.updates: Got difference for channel 2588429339 updates
app-1  | 2026-09-18T18:36:01.761836232Z 2026-09-18 18:36:01,761 INFO cautious_crypto_bro.telegram_source: Ignoring Telegram message group starting at 8027: no text or supported images
app-1  | 2026-09-18T18:57:49.209681360Z 2026-09-18 18:57:49,209 INFO cautious_crypto_bro.telegram_source: Ignoring Telegram message group starting at 2976: no text or supported images
app-1  | 2026-09-18T19:50:00.659010150Z 2026-09-18 19:50:00,658 INFO telethon.client.updates: Got difference for account updates
app-1  | 2026-09-19T02:55:08.729688206Z 2026-09-19 02:55:08,729 INFO httpx: HTTP Request: GET https://api-demo.bybit.com/v5/market/time "HTTP/1.1 200 OK"
app-1  | 2026-09-19T02:55:08.729824056Z 2026-09-19 02:55:08,729 INFO cautious_crypto_bro.bybit: Bybit clock offset +24826 ms (RTT 1972 ms)
app-1  | 2026-09-19T02:55:08.986219732Z 2026-09-19 02:55:08,986 INFO httpx: HTTP Request: GET https://api-demo.bybit.com/v5/position/list?category=linear&settleCoin=USDT&limit=200 "HTTP/1.1 200 OK"
app-1  | 2026-09-19T02:55:09.243363165Z 2026-09-19 02:55:09,243 INFO httpx: HTTP Request: GET https://api-demo.bybit.com/v5/position/list?category=linear&settleCoin=USDT&limit=200&cursor=XLMUSDT%252C1789776000210%252C0 "HTTP/1.1 200 OK"
app-1  | 2026-09-19T02:55:09.499141294Z 2026-09-19 02:55:09,498 INFO httpx: HTTP Request: GET https://api-demo.bybit.com/v5/order/realtime?category=linear&settleCoin=USDT&openOnly=0&limit=50 "HTTP/1.1 200 OK"
app-1  | 2026-09-19T02:55:09.753068335Z 2026-09-19 02:55:09,752 INFO httpx: HTTP Request: GET https://api-demo.bybit.com/v5/order/realtime?category=linear&settleCoin=USDT&openOnly=0&limit=50&cursor=cc1e57ef-eba0-425f-9027-33d5b834ae0a%253A1789735581015%252C33134651-4d5b-4043-b54c-2a578f32b7a0%253A1789398492436 "HTTP/1.1 200 OK"
app-1  | 2026-09-19T02:55:10.714310964Z 2026-09-19 02:55:10,713 INFO httpx: HTTP Request: POST https://openrouter.ai/api/v1/chat/completions "HTTP/1.1 200 OK"
app-1  | 2026-09-19T02:55:13.209111142Z 2026-09-19 02:55:13,208 INFO cautious_crypto_bro.openrouter: OpenRouter inference for -1002243423111/8028 (0 image(s)) completed in 3.45s on attempt 1/3
app-1  | 2026-09-19T02:55:13.214499783Z 2026-09-19 02:55:13,214 INFO cautious_crypto_bro.openrouter: No actionable intent for -1002243423111/8028: The post contains only promotional text for a private club and no trading signals or position instructions.
app-1  | 2026-09-19T05:03:08.846899722Z 2026-09-19 05:03:08,846 INFO httpx: HTTP Request: GET https://api-demo.bybit.com/v5/market/time "HTTP/1.1 200 OK"
app-1  | 2026-09-19T05:03:08.847062934Z 2026-09-19 05:03:08,846 INFO cautious_crypto_bro.bybit: Bybit clock offset +24283 ms (RTT 778 ms)
app-1  | 2026-09-19T05:03:09.078608987Z 2026-09-19 05:03:09,078 INFO httpx: HTTP Request: GET https://api-demo.bybit.com/v5/position/list?category=linear&settleCoin=USDT&limit=200 "HTTP/1.1 200 OK"
app-1  | 2026-09-19T05:03:09.311382900Z 2026-09-19 05:03:09,311 INFO httpx: HTTP Request: GET https://api-demo.bybit.com/v5/position/list?category=linear&settleCoin=USDT&limit=200&cursor=XLMUSDT%252C1789776000210%252C0 "HTTP/1.1 200 OK"
app-1  | 2026-09-19T05:03:09.540475319Z 2026-09-19 05:03:09,540 INFO httpx: HTTP Request: GET https://api-demo.bybit.com/v5/order/realtime?category=linear&settleCoin=USDT&openOnly=0&limit=50 "HTTP/1.1 200 OK"
app-1  | 2026-09-19T05:03:09.775719739Z 2026-09-19 05:03:09,775 INFO httpx: HTTP Request: GET https://api-demo.bybit.com/v5/order/realtime?category=linear&settleCoin=USDT&openOnly=0&limit=50&cursor=cc1e57ef-eba0-425f-9027-33d5b834ae0a%253A1789735581015%252C33134651-4d5b-4043-b54c-2a578f32b7a0%253A1789398492436 "HTTP/1.1 200 OK"
app-1  | 2026-09-19T05:03:11.189193874Z 2026-09-19 05:03:11,188 INFO httpx: HTTP Request: POST https://openrouter.ai/api/v1/chat/completions "HTTP/1.1 200 OK"
app-1  | 2026-09-19T05:03:15.397218154Z 2026-09-19 05:03:15,397 INFO cautious_crypto_bro.openrouter: OpenRouter inference for -1002243423111/8029 (0 image(s)) completed in 5.61s on attempt 1/3
app-1  | 2026-09-19T05:03:15.401960065Z 2026-09-19 05:03:15,401 INFO cautious_crypto_bro.openrouter: No actionable intent for -1002243423111/8029: The post contains only a greeting and no trading signals or instructions.
app-1  | 2026-09-19T05:07:08.098819076Z 2026-09-19 05:07:08,098 INFO telethon.client.downloads: Starting direct file download in chunks of 131072 at 0, stride 131072
app-1  | 2026-09-19T05:07:09.972904716Z 2026-09-19 05:07:09,972 INFO httpx: HTTP Request: GET https://api-demo.bybit.com/v5/position/list?category=linear&settleCoin=USDT&limit=200 "HTTP/1.1 200 OK"
app-1  | 2026-09-19T05:07:10.209173592Z 2026-09-19 05:07:10,208 INFO httpx: HTTP Request: GET https://api-demo.bybit.com/v5/position/list?category=linear&settleCoin=USDT&limit=200&cursor=XLMUSDT%252C1789776000210%252C0 "HTTP/1.1 200 OK"
app-1  | 2026-09-19T05:07:10.444763124Z 2026-09-19 05:07:10,444 INFO httpx: HTTP Request: GET https://api-demo.bybit.com/v5/order/realtime?category=linear&settleCoin=USDT&openOnly=0&limit=50 "HTTP/1.1 200 OK"
app-1  | 2026-09-19T05:07:10.679797635Z 2026-09-19 05:07:10,679 INFO httpx: HTTP Request: GET https://api-demo.bybit.com/v5/order/realtime?category=linear&settleCoin=USDT&openOnly=0&limit=50&cursor=cc1e57ef-eba0-425f-9027-33d5b834ae0a%253A1789735581015%252C33134651-4d5b-4043-b54c-2a578f32b7a0%253A1789398492436 "HTTP/1.1 200 OK"
app-1  | 2026-09-19T05:07:13.867703379Z 2026-09-19 05:07:13,867 INFO httpx: HTTP Request: POST https://openrouter.ai/api/v1/chat/completions "HTTP/1.1 200 OK"
app-1  | 2026-09-19T05:07:14.840487131Z 2026-09-19 05:07:14,840 INFO cautious_crypto_bro.openrouter: OpenRouter inference for -1002243423111/8030 (1 image(s)) completed in 4.15s on attempt 1/3
app-1  | 2026-09-19T05:07:14.848719797Z 2026-09-19 05:07:14,848 INFO cautious_crypto_bro.openrouter: No actionable intent for -1002243423111/8030: The post contains only market observations and a question about Bitcoin's price action without any trade instructions or signals.
app-1  | 2026-09-19T05:11:08.132238004Z 2026-09-19 05:11:08,132 INFO telethon.client.downloads: Starting direct file download in chunks of 131072 at 0, stride 131072
app-1  | 2026-09-19T05:11:10.043102892Z 2026-09-19 05:11:10,042 INFO httpx: HTTP Request: GET https://api-demo.bybit.com/v5/market/time "HTTP/1.1 200 OK"
app-1  | 2026-09-19T05:11:10.043295430Z 2026-09-19 05:11:10,043 INFO cautious_crypto_bro.bybit: Bybit clock offset +24741 ms (RTT 1680 ms)
app-1  | 2026-09-19T05:11:10.270578609Z 2026-09-19 05:11:10,270 INFO httpx: HTTP Request: GET https://api-demo.bybit.com/v5/position/list?category=linear&settleCoin=USDT&limit=200 "HTTP/1.1 200 OK"
app-1  | 2026-09-19T05:11:10.502124469Z 2026-09-19 05:11:10,501 INFO httpx: HTTP Request: GET https://api-demo.bybit.com/v5/position/list?category=linear&settleCoin=USDT&limit=200&cursor=XLMUSDT%252C1789776000210%252C0 "HTTP/1.1 200 OK"
app-1  | 2026-09-19T05:11:10.728061769Z 2026-09-19 05:11:10,727 INFO httpx: HTTP Request: GET https://api-demo.bybit.com/v5/order/realtime?category=linear&settleCoin=USDT&openOnly=0&limit=50 "HTTP/1.1 200 OK"
app-1  | 2026-09-19T05:11:10.954157204Z 2026-09-19 05:11:10,953 INFO httpx: HTTP Request: GET https://api-demo.bybit.com/v5/order/realtime?category=linear&settleCoin=USDT&openOnly=0&limit=50&cursor=cc1e57ef-eba0-425f-9027-33d5b834ae0a%253A1789735581015%252C33134651-4d5b-4043-b54c-2a578f32b7a0%253A1789398492436 "HTTP/1.1 200 OK"
app-1  | 2026-09-19T05:11:14.586666077Z 2026-09-19 05:11:14,586 INFO httpx: HTTP Request: POST https://openrouter.ai/api/v1/chat/completions "HTTP/1.1 200 OK"
app-1  | 2026-09-19T05:11:29.701792315Z 2026-09-19 05:11:29,701 WARNING cautious_crypto_bro.openrouter: Invalid OpenRouter structured output for -1003965967125/2977 on attempt 1/3: 1 validation error for IntentExtraction
app-1  | 2026-09-19T05:11:29.701842852Z position_actions.0.confidence
app-1  | 2026-09-19T05:11:29.701847841Z   Field required [type=missing, input_value={'action': 'REDUCE', 'sym... long position by 50%.'}, input_type=dict]
app-1  | 2026-09-19T05:11:29.701851999Z     For further information visit https://errors.pydantic.dev/2.13/v/missing
app-1  | 2026-09-19T05:11:29.701856117Z 2026-09-19 05:11:29,701 WARNING cautious_crypto_bro.openrouter: OpenRouter attempt 1/3 failed for -1003965967125/2977: OpenRouter returned invalid structured output; retrying
app-1  | 2026-09-19T05:11:36.152218458Z 2026-09-19 05:11:36,151 INFO httpx: HTTP Request: POST https://openrouter.ai/api/v1/chat/completions "HTTP/1.1 200 OK"
app-1  | 2026-09-19T05:11:37.137000587Z 2026-09-19 05:11:37,136 INFO cautious_crypto_bro.openrouter: OpenRouter inference for -1003965967125/2977 (1 image(s)) completed in 6.93s on attempt 2/3
app-1  | 2026-09-19T05:11:37.142478476Z 2026-09-19 05:11:37,142 WARNING cautious_crypto_bro.service: Position action REDUCE XRPUSDT remains MANUAL because live position count is 0
app-1  | 2026-09-19T05:11:38.607919973Z 2026-09-19 05:11:38,607 INFO httpx: HTTP Request: GET https://api-demo.bybit.com/v5/position/closed-pnl?category=linear&startTime=1789653421059&endTime=1789794697142&limit=100 "HTTP/1.1 200 OK"
app-1  | 2026-09-19T05:11:38.846764100Z 2026-09-19 05:11:38,846 INFO httpx: HTTP Request: GET https://api-demo.bybit.com/v5/position/closed-pnl?category=linear&startTime=1789653421059&endTime=1789794697142&limit=100&cursor=3a55e1ce-6245-4df0-899b-69b625af9075%253A1789715877730090586%252C057bd656-3dd5-4eb8-bba5-32e0a4d32d3b%253A1789715874276155948 "HTTP/1.1 200 OK"
app-1  | 2026-09-19T06:02:10.477017602Z 2026-09-19 06:02:10,476 INFO httpx: HTTP Request: GET https://api-demo.bybit.com/v5/market/time "HTTP/1.1 200 OK"
app-1  | 2026-09-19T06:02:10.477129656Z 2026-09-19 06:02:10,477 INFO cautious_crypto_bro.bybit: Bybit clock offset +24808 ms (RTT 1805 ms)
app-1  | 2026-09-19T06:02:10.730057174Z 2026-09-19 06:02:10,729 INFO httpx: HTTP Request: GET https://api-demo.bybit.com/v5/position/list?category=linear&settleCoin=USDT&limit=200 "HTTP/1.1 200 OK"
app-1  | 2026-09-19T06:02:10.983027576Z 2026-09-19 06:02:10,982 INFO httpx: HTTP Request: GET https://api-demo.bybit.com/v5/position/list?category=linear&settleCoin=USDT&limit=200&cursor=XLMUSDT%252C1789776000210%252C0 "HTTP/1.1 200 OK"
app-1  | 2026-09-19T06:02:11.235185242Z 2026-09-19 06:02:11,234 INFO httpx: HTTP Request: GET https://api-demo.bybit.com/v5/order/realtime?category=linear&settleCoin=USDT&openOnly=0&limit=50 "HTTP/1.1 200 OK"
app-1  | 2026-09-19T06:02:11.486657089Z 2026-09-19 06:02:11,486 INFO httpx: HTTP Request: GET https://api-demo.bybit.com/v5/order/realtime?category=linear&settleCoin=USDT&openOnly=0&limit=50&cursor=cc1e57ef-eba0-425f-9027-33d5b834ae0a%253A1789735581015%252C33134651-4d5b-4043-b54c-2a578f32b7a0%253A1789398492436 "HTTP/1.1 200 OK"
app-1  | 2026-09-19T06:02:12.041070768Z 2026-09-19 06:02:12,040 INFO httpx: HTTP Request: POST https://openrouter.ai/api/v1/chat/completions "HTTP/1.1 200 OK"
app-1  | 2026-09-19T06:02:14.466982073Z 2026-09-19 06:02:14,466 INFO cautious_crypto_bro.openrouter: OpenRouter inference for -1002243423111/8031 (0 image(s)) completed in 2.97s on attempt 1/3
app-1  | 2026-09-19T06:02:14.471543667Z 2026-09-19 06:02:14,471 INFO cautious_crypto_bro.openrouter: No actionable intent for -1002243423111/8031: The post contains only general commentary and no specific trade signals or instructions for existing positions.
app-1  | 2026-09-19T06:18:29.455001068Z 2026-09-19 06:18:29,454 INFO httpx: HTTP Request: GET https://api-demo.bybit.com/v5/market/time "HTTP/1.1 200 OK"
app-1  | 2026-09-19T06:18:29.455129403Z 2026-09-19 06:18:29,455 INFO cautious_crypto_bro.bybit: Bybit clock offset +24311 ms (RTT 785 ms)
app-1  | 2026-09-19T06:18:29.691292692Z 2026-09-19 06:18:29,691 INFO httpx: HTTP Request: GET https://api-demo.bybit.com/v5/position/list?category=linear&settleCoin=USDT&limit=200 "HTTP/1.1 200 OK"
app-1  | 2026-09-19T06:18:29.928560995Z 2026-09-19 06:18:29,928 INFO httpx: HTTP Request: GET https://api-demo.bybit.com/v5/position/list?category=linear&settleCoin=USDT&limit=200&cursor=XLMUSDT%252C1789776000210%252C0 "HTTP/1.1 200 OK"
app-1  | 2026-09-19T06:18:30.165947251Z 2026-09-19 06:18:30,165 INFO httpx: HTTP Request: GET https://api-demo.bybit.com/v5/order/realtime?category=linear&settleCoin=USDT&openOnly=0&limit=50 "HTTP/1.1 200 OK"
app-1  | 2026-09-19T06:18:30.405088537Z 2026-09-19 06:18:30,404 INFO httpx: HTTP Request: GET https://api-demo.bybit.com/v5/order/realtime?category=linear&settleCoin=USDT&openOnly=0&limit=50&cursor=cc1e57ef-eba0-425f-9027-33d5b834ae0a%253A1789735581015%252C33134651-4d5b-4043-b54c-2a578f32b7a0%253A1789398492436 "HTTP/1.1 200 OK"
app-1  | 2026-09-19T06:18:31.349188039Z 2026-09-19 06:18:31,348 INFO httpx: HTTP Request: POST https://openrouter.ai/api/v1/chat/completions "HTTP/1.1 200 OK"
app-1  | 2026-09-19T06:18:33.475560718Z 2026-09-19 06:18:33,475 INFO cautious_crypto_bro.openrouter: OpenRouter inference for -1002243423111/8032 (0 image(s)) completed in 3.06s on attempt 1/3
app-1  | 2026-09-19T06:18:33.480266379Z 2026-09-19 06:18:33,480 INFO cautious_crypto_bro.openrouter: No actionable intent for -1002243423111/8032: The post contains only emotional text without any trade signals, entry instructions, or position management commands.
app-1  | 2026-09-19T06:20:03.195374185Z 2026-09-19 06:20:03,195 INFO telethon.client.updates: Got difference for channel 3965967125 updates
app-1  | 2026-09-19T06:20:04.152366507Z 2026-09-19 06:20:04,152 INFO httpx: HTTP Request: GET https://api-demo.bybit.com/v5/position/list?category=linear&settleCoin=USDT&limit=200 "HTTP/1.1 200 OK"
app-1  | 2026-09-19T06:20:04.693731858Z 2026-09-19 06:20:04,693 INFO httpx: HTTP Request: GET https://api-demo.bybit.com/v5/position/list?category=linear&settleCoin=USDT&limit=200&cursor=XLMUSDT%252C1789776000210%252C0 "HTTP/1.1 200 OK"
app-1  | 2026-09-19T06:20:04.923153798Z 2026-09-19 06:20:04,922 INFO httpx: HTTP Request: GET https://api-demo.bybit.com/v5/order/realtime?category=linear&settleCoin=USDT&openOnly=0&limit=50 "HTTP/1.1 200 OK"
app-1  | 2026-09-19T06:20:05.147325226Z 2026-09-19 06:20:05,147 INFO httpx: HTTP Request: GET https://api-demo.bybit.com/v5/order/realtime?category=linear&settleCoin=USDT&openOnly=0&limit=50&cursor=cc1e57ef-eba0-425f-9027-33d5b834ae0a%253A1789735581015%252C33134651-4d5b-4043-b54c-2a578f32b7a0%253A1789398492436 "HTTP/1.1 200 OK"
app-1  | 2026-09-19T06:20:05.711529901Z 2026-09-19 06:20:05,711 INFO httpx: HTTP Request: POST https://openrouter.ai/api/v1/chat/completions "HTTP/1.1 200 OK"
app-1  | 2026-09-19T06:20:09.034069668Z 2026-09-19 06:20:09,033 INFO cautious_crypto_bro.openrouter: OpenRouter inference for -1003965967125/2979 (0 image(s)) completed in 3.87s on attempt 1/3
app-1  | 2026-09-19T06:20:09.035140335Z 2026-09-19 06:20:09,035 INFO cautious_crypto_bro.openrouter: No actionable intent for -1003965967125/2979: The post contains only conversational text and a reference to past profits; no new trade signals or executable position actions are provided.
app-1  | 2026-09-19T06:32:08.949225319Z 2026-09-19 06:32:08,949 INFO telethon.client.downloads: Starting direct file download in chunks of 131072 at 0, stride 131072
app-1  | 2026-09-19T06:32:09.746404549Z 2026-09-19 06:32:09,746 INFO httpx: HTTP Request: GET https://api-demo.bybit.com/v5/market/time "HTTP/1.1 200 OK"
app-1  | 2026-09-19T06:32:09.746538465Z 2026-09-19 06:32:09,746 INFO cautious_crypto_bro.bybit: Bybit clock offset +24246 ms (RTT 670 ms)
app-1  | 2026-09-19T06:32:10.006568003Z 2026-09-19 06:32:10,006 INFO httpx: HTTP Request: GET https://api-demo.bybit.com/v5/position/list?category=linear&settleCoin=USDT&limit=200 "HTTP/1.1 200 OK"
app-1  | 2026-09-19T06:32:10.265969679Z 2026-09-19 06:32:10,265 INFO httpx: HTTP Request: GET https://api-demo.bybit.com/v5/position/list?category=linear&settleCoin=USDT&limit=200&cursor=XLMUSDT%252C1789776000210%252C0 "HTTP/1.1 200 OK"
app-1  | 2026-09-19T06:32:10.524389530Z 2026-09-19 06:32:10,524 INFO httpx: HTTP Request: GET https://api-demo.bybit.com/v5/order/realtime?category=linear&settleCoin=USDT&openOnly=0&limit=50 "HTTP/1.1 200 OK"
app-1  | 2026-09-19T06:32:10.788564815Z 2026-09-19 06:32:10,788 INFO httpx: HTTP Request: GET https://api-demo.bybit.com/v5/order/realtime?category=linear&settleCoin=USDT&openOnly=0&limit=50&cursor=cc1e57ef-eba0-425f-9027-33d5b834ae0a%253A1789735581015%252C33134651-4d5b-4043-b54c-2a578f32b7a0%253A1789398492436 "HTTP/1.1 200 OK"
app-1  | 2026-09-19T06:32:13.097451502Z 2026-09-19 06:32:13,097 INFO httpx: HTTP Request: POST https://openrouter.ai/api/v1/chat/completions "HTTP/1.1 200 OK"
app-1  | 2026-09-19T06:32:13.809595699Z 2026-09-19 06:32:13,809 INFO cautious_crypto_bro.openrouter: OpenRouter inference for -1002243423111/8033 (1 image(s)) completed in 3.01s on attempt 1/3
app-1  | 2026-09-19T06:32:14.075723876Z 2026-09-19 06:32:14,075 INFO httpx: HTTP Request: GET https://api-demo.bybit.com/v5/market/tickers?category=linear&symbol=BEATUSDT "HTTP/1.1 200 OK"
app-1  | 2026-09-19T06:32:14.331808263Z 2026-09-19 06:32:14,331 INFO httpx: HTTP Request: GET https://api-demo.bybit.com/v5/market/instruments-info?category=linear&symbol=BEATUSDT "HTTP/1.1 200 OK"
app-1  | 2026-09-19T06:32:14.596680222Z 2026-09-19 06:32:14,596 INFO httpx: HTTP Request: GET https://api-demo.bybit.com/v5/position/closed-pnl?category=linear&startTime=1789708297142&endTime=1789799534332&limit=100 "HTTP/1.1 200 OK"
app-1  | 2026-09-19T06:32:14.858317557Z 2026-09-19 06:32:14,858 INFO httpx: HTTP Request: GET https://api-demo.bybit.com/v5/position/closed-pnl?category=linear&startTime=1789708297142&endTime=1789799534332&limit=100&cursor=3a55e1ce-6245-4df0-899b-69b625af9075%253A1789715877730090586%252C057bd656-3dd5-4eb8-bba5-32e0a4d32d3b%253A1789715874276155948 "HTTP/1.1 200 OK"
app-1  | 2026-09-19T06:32:15.158706033Z 2026-09-19 06:32:15,158 INFO httpx: HTTP Request: GET https://api-demo.bybit.com/v5/position/list?category=linear&settleCoin=USDT&limit=200 "HTTP/1.1 200 OK"
app-1  | 2026-09-19T06:32:15.422043825Z 2026-09-19 06:32:15,421 INFO httpx: HTTP Request: GET https://api-demo.bybit.com/v5/position/list?category=linear&settleCoin=USDT&limit=200&cursor=XLMUSDT%252C1789776000210%252C0 "HTTP/1.1 200 OK"
app-1  | 2026-09-19T06:32:15.680068304Z 2026-09-19 06:32:15,679 INFO httpx: HTTP Request: GET https://api-demo.bybit.com/v5/order/realtime?category=linear&settleCoin=USDT&openOnly=0&limit=50 "HTTP/1.1 200 OK"
app-1  | 2026-09-19T06:32:15.943635262Z 2026-09-19 06:32:15,943 INFO httpx: HTTP Request: GET https://api-demo.bybit.com/v5/order/realtime?category=linear&settleCoin=USDT&openOnly=0&limit=50&cursor=cc1e57ef-eba0-425f-9027-33d5b834ae0a%253A1789735581015%252C33134651-4d5b-4043-b54c-2a578f32b7a0%253A1789398492436 "HTTP/1.1 200 OK"
app-1  | 2026-09-19T06:32:16.201710787Z 2026-09-19 06:32:16,201 INFO httpx: HTTP Request: GET https://api-demo.bybit.com/v5/market/tickers?category=linear&symbol=BEATUSDT "HTTP/1.1 200 OK"
app-1  | 2026-09-19T06:32:16.459141192Z 2026-09-19 06:32:16,458 INFO httpx: HTTP Request: POST https://api-demo.bybit.com/v5/order/create-batch "HTTP/1.1 200 OK"
app-1  | 2026-09-19T06:32:16.748437917Z 2026-09-19 06:32:16,747 INFO cautious_crypto_bro.service: AUTO OPEN f2a1f1fb-a17d-45c5-8de1-d749c6cd82aa finished EXECUTED
app-1  | 2026-09-19T07:20:03.570592539Z 2026-09-19 07:20:03,570 INFO telethon.client.updates: Got difference for channel 2243423111 updates
app-1  | 2026-09-19T07:45:09.716834302Z 2026-09-19 07:45:09,716 INFO telethon.client.downloads: Starting direct file download in chunks of 131072 at 0, stride 131072
app-1  | 2026-09-19T07:45:10.629607948Z 2026-09-19 07:45:10,629 INFO httpx: HTTP Request: GET https://api-demo.bybit.com/v5/market/time "HTTP/1.1 200 OK"
app-1  | 2026-09-19T07:45:10.629741964Z 2026-09-19 07:45:10,629 INFO cautious_crypto_bro.bybit: Bybit clock offset +24334 ms (RTT 793 ms)
app-1  | 2026-09-19T07:45:10.889500135Z 2026-09-19 07:45:10,889 INFO httpx: HTTP Request: GET https://api-demo.bybit.com/v5/position/list?category=linear&settleCoin=USDT&limit=200 "HTTP/1.1 200 OK"
app-1  | 2026-09-19T07:45:11.148634070Z 2026-09-19 07:45:11,148 INFO httpx: HTTP Request: GET https://api-demo.bybit.com/v5/position/list?category=linear&settleCoin=USDT&limit=200&cursor=XLMUSDT%252C1789776000210%252C0 "HTTP/1.1 200 OK"
app-1  | 2026-09-19T07:45:11.406144447Z 2026-09-19 07:45:11,405 INFO httpx: HTTP Request: GET https://api-demo.bybit.com/v5/order/realtime?category=linear&settleCoin=USDT&openOnly=0&limit=50 "HTTP/1.1 200 OK"
app-1  | 2026-09-19T07:45:11.665097095Z 2026-09-19 07:45:11,664 INFO httpx: HTTP Request: GET https://api-demo.bybit.com/v5/order/realtime?category=linear&settleCoin=USDT&openOnly=0&limit=50&cursor=f406118f-d8e4-4de8-9625-54c3a71e8dbc%253A1789799560370%252C33134651-4d5b-4043-b54c-2a578f32b7a0%253A1789398492436 "HTTP/1.1 200 OK"
app-1  | 2026-09-19T07:45:14.095664425Z 2026-09-19 07:45:14,095 INFO httpx: HTTP Request: POST https://openrouter.ai/api/v1/chat/completions "HTTP/1.1 200 OK"
app-1  | 2026-09-19T07:45:21.888111902Z 2026-09-19 07:45:21,887 INFO cautious_crypto_bro.openrouter: OpenRouter inference for -1002243423111/8034 (1 image(s)) completed in 10.21s on attempt 1/3
app-1  | 2026-09-19T07:45:23.360439804Z 2026-09-19 07:45:23,360 INFO httpx: HTTP Request: GET https://api-demo.bybit.com/v5/market/tickers?category=linear&symbol=HYPEUSDT "HTTP/1.1 200 OK"
app-1  | 2026-09-19T07:45:23.612631238Z 2026-09-19 07:45:23,612 INFO httpx: HTTP Request: GET https://api-demo.bybit.com/v5/market/instruments-info?category=linear&symbol=HYPEUSDT "HTTP/1.1 200 OK"
app-1  | 2026-09-19T07:45:23.615644134Z 2026-09-19 07:45:23,612 ERROR cautious_crypto_bro.service: Execution planning failed for candidate HYPEUSDT from -1002243423111/8034
app-1  | 2026-09-19T07:45:23.615679041Z Traceback (most recent call last):
app-1  | 2026-09-19T07:45:23.615682097Z   File "/app/src/cautious_crypto_bro/service.py", line 466, in on_message
app-1  | 2026-09-19T07:45:23.615684822Z     plan = self._planner.plan(
app-1  | 2026-09-19T07:45:23.615687447Z            ^^^^^^^^^^^^^^^^^^^
app-1  | 2026-09-19T07:45:23.615690022Z   File "/app/src/cautious_crypto_bro/execution.py", line 60, in plan
app-1  | 2026-09-19T07:45:23.615692587Z     ) = self._take_profit_targets(
app-1  | 2026-09-19T07:45:23.615695072Z         ^^^^^^^^^^^^^^^^^^^^^^^^^^
app-1  | 2026-09-19T07:45:23.615697547Z   File "/app/src/cautious_crypto_bro/execution.py", line 273, in _take_profit_targets
app-1  | 2026-09-19T07:45:23.615700041Z     raise ExecutionPlanningError("Derived take profit is not positive")
app-1  | 2026-09-19T07:45:23.615702636Z cautious_crypto_bro.execution.ExecutionPlanningError: Derived take profit is not positive
app-1  | 2026-09-19T07:57:10.430045165Z 2026-09-19 07:57:10,429 INFO telethon.client.updates: Got difference for channel 1644656268 updates
app-1  | 2026-09-19T08:00:23.858765241Z 2026-09-19 08:00:23,858 INFO httpx: HTTP Request: GET https://api-demo.bybit.com/v5/market/time "HTTP/1.1 200 OK"
app-1  | 2026-09-19T08:00:23.858887725Z 2026-09-19 08:00:23,858 INFO cautious_crypto_bro.bybit: Bybit clock offset +24810 ms (RTT 1742 ms)
app-1  | 2026-09-19T08:00:24.117032435Z 2026-09-19 08:00:24,116 INFO httpx: HTTP Request: GET https://api-demo.bybit.com/v5/position/list?category=linear&settleCoin=USDT&limit=200 "HTTP/1.1 200 OK"
app-1  | 2026-09-19T08:00:24.379625367Z 2026-09-19 08:00:24,379 INFO httpx: HTTP Request: GET https://api-demo.bybit.com/v5/position/list?category=linear&settleCoin=USDT&limit=200&cursor=BEATUSDT%252C1789804800172%252C0 "HTTP/1.1 200 OK"
app-1  | 2026-09-19T08:00:24.639653340Z 2026-09-19 08:00:24,639 INFO httpx: HTTP Request: GET https://api-demo.bybit.com/v5/order/realtime?category=linear&settleCoin=USDT&openOnly=0&limit=50 "HTTP/1.1 200 OK"
app-1  | 2026-09-19T08:00:24.902959711Z 2026-09-19 08:00:24,902 INFO httpx: HTTP Request: GET https://api-demo.bybit.com/v5/order/realtime?category=linear&settleCoin=USDT&openOnly=0&limit=50&cursor=f406118f-d8e4-4de8-9625-54c3a71e8dbc%253A1789799560370%252C33134651-4d5b-4043-b54c-2a578f32b7a0%253A1789398492436 "HTTP/1.1 200 OK"
app-1  | 2026-09-19T08:00:25.950447062Z 2026-09-19 08:00:25,950 INFO httpx: HTTP Request: POST https://openrouter.ai/api/v1/chat/completions "HTTP/1.1 200 OK"
app-1  | 2026-09-19T08:00:27.873525667Z 2026-09-19 08:00:27,873 INFO cautious_crypto_bro.openrouter: OpenRouter inference for -1003965967125/2980 (0 image(s)) completed in 2.96s on attempt 1/3
app-1  | 2026-09-19T08:00:27.878509046Z 2026-09-19 08:00:27,878 INFO cautious_crypto_bro.openrouter: No actionable intent for -1003965967125/2980: The post contains only promotional text for a Telegram channel and no trading signals or position instructions.
app-1  | 2026-09-19T08:05:03.537589123Z 2026-09-19 08:05:03,537 INFO telethon.client.updates: Got difference for channel 2285639611 updates
app-1  | 2026-09-19T08:09:27.814560497Z 2026-09-19 08:09:27,814 INFO httpx: HTTP Request: GET https://api-demo.bybit.com/v5/market/time "HTTP/1.1 200 OK"
app-1  | 2026-09-19T08:09:27.814917719Z 2026-09-19 08:09:27,814 INFO cautious_crypto_bro.bybit: Bybit clock offset +24338 ms (RTT 783 ms)
app-1  | 2026-09-19T08:09:28.069173707Z 2026-09-19 08:09:28,068 INFO httpx: HTTP Request: GET https://api-demo.bybit.com/v5/position/list?category=linear&settleCoin=USDT&limit=200 "HTTP/1.1 200 OK"
app-1  | 2026-09-19T08:09:28.321696551Z 2026-09-19 08:09:28,321 INFO httpx: HTTP Request: GET https://api-demo.bybit.com/v5/position/list?category=linear&settleCoin=USDT&limit=200&cursor=BEATUSDT%252C1789804800172%252C0 "HTTP/1.1 200 OK"
app-1  | 2026-09-19T08:09:28.574317724Z 2026-09-19 08:09:28,574 INFO httpx: HTTP Request: GET https://api-demo.bybit.com/v5/order/realtime?category=linear&settleCoin=USDT&openOnly=0&limit=50 "HTTP/1.1 200 OK"
app-1  | 2026-09-19T08:09:28.835376563Z 2026-09-19 08:09:28,834 INFO httpx: HTTP Request: GET https://api-demo.bybit.com/v5/order/realtime?category=linear&settleCoin=USDT&openOnly=0&limit=50&cursor=f406118f-d8e4-4de8-9625-54c3a71e8dbc%253A1789799560370%252C33134651-4d5b-4043-b54c-2a578f32b7a0%253A1789398492436 "HTTP/1.1 200 OK"
app-1  | 2026-09-19T08:09:30.390093809Z 2026-09-19 08:09:30,389 INFO httpx: HTTP Request: POST https://openrouter.ai/api/v1/chat/completions "HTTP/1.1 200 OK"
app-1  | 2026-09-19T08:09:33.211492134Z 2026-09-19 08:09:33,211 INFO cautious_crypto_bro.openrouter: OpenRouter inference for -1002243423111/8035 (0 image(s)) completed in 4.36s on attempt 1/3
app-1  | 2026-09-19T08:09:33.216479815Z 2026-09-19 08:09:33,216 INFO cautious_crypto_bro.openrouter: Ignoring UPDATE_EXISTING candidate from -1002243423111/8035 for BEATUSDT
app-1  | 2026-09-19T08:09:33.216502699Z 2026-09-19 08:09:33,216 INFO cautious_crypto_bro.openrouter: No actionable intent for -1002243423111/8035: The post contains only an observation/update regarding existing positions (BEAT) and market sentiment (HYPE), with no new trade proposals or executable position actions.
app-1  | 2026-09-19T08:20:03.618311033Z 2026-09-19 08:20:03,618 INFO telethon.client.updates: Got difference for channel 1644656268 updates
app-1  | 2026-09-19T08:40:10.273805733Z 2026-09-19 08:40:10,273 INFO telethon.client.downloads: Starting direct file download in chunks of 131072 at 0, stride 131072
app-1  | 2026-09-19T08:40:12.472663757Z 2026-09-19 08:40:12,472 INFO httpx: HTTP Request: GET https://api-demo.bybit.com/v5/market/time "HTTP/1.1 200 OK"
app-1  | 2026-09-19T08:40:12.472848419Z 2026-09-19 08:40:12,472 INFO cautious_crypto_bro.bybit: Bybit clock offset +24835 ms (RTT 1732 ms)
app-1  | 2026-09-19T08:40:12.701897474Z 2026-09-19 08:40:12,701 INFO httpx: HTTP Request: GET https://api-demo.bybit.com/v5/position/list?category=linear&settleCoin=USDT&limit=200 "HTTP/1.1 200 OK"
app-1  | 2026-09-19T08:40:12.958770532Z 2026-09-19 08:40:12,958 INFO httpx: HTTP Request: GET https://api-demo.bybit.com/v5/position/list?category=linear&settleCoin=USDT&limit=200&cursor=BEATUSDT%252C1789804800172%252C0 "HTTP/1.1 200 OK"
app-1  | 2026-09-19T08:40:13.186538934Z 2026-09-19 08:40:13,186 INFO httpx: HTTP Request: GET https://api-demo.bybit.com/v5/order/realtime?category=linear&settleCoin=USDT&openOnly=0&limit=50 "HTTP/1.1 200 OK"
app-1  | 2026-09-19T08:40:13.413586045Z 2026-09-19 08:40:13,413 INFO httpx: HTTP Request: GET https://api-demo.bybit.com/v5/order/realtime?category=linear&settleCoin=USDT&openOnly=0&limit=50&cursor=f406118f-d8e4-4de8-9625-54c3a71e8dbc%253A1789799560370%252C33134651-4d5b-4043-b54c-2a578f32b7a0%253A1789398492436 "HTTP/1.1 200 OK"
app-1  | 2026-09-19T08:40:18.249071940Z 2026-09-19 08:40:18,248 INFO httpx: HTTP Request: POST https://openrouter.ai/api/v1/chat/completions "HTTP/1.1 200 OK"
app-1  | 2026-09-19T08:40:28.030964201Z 2026-09-19 08:40:28,030 INFO cautious_crypto_bro.openrouter: OpenRouter inference for -1003965967125/2981 (1 image(s)) completed in 14.60s on attempt 1/3
app-1  | 2026-09-19T08:40:28.036328984Z 2026-09-19 08:40:28,036 INFO cautious_crypto_bro.openrouter: No actionable intent for -1003965967125/2981: The post contains only market observations and analysis regarding Bitcoin liquidity and potential sideways movement, without any new trade signals or instructions to manage existing positions.
app-1  | 2026-09-19T08:41:11.726035535Z 2026-09-19 08:41:11,725 INFO httpx: HTTP Request: GET https://api-demo.bybit.com/v5/position/list?category=linear&settleCoin=USDT&limit=200 "HTTP/1.1 200 OK"
app-1  | 2026-09-19T08:41:11.958448207Z 2026-09-19 08:41:11,958 INFO httpx: HTTP Request: GET https://api-demo.bybit.com/v5/position/list?category=linear&settleCoin=USDT&limit=200&cursor=BEATUSDT%252C1789804800172%252C0 "HTTP/1.1 200 OK"
app-1  | 2026-09-19T08:41:12.190028058Z 2026-09-19 08:41:12,189 INFO httpx: HTTP Request: GET https://api-demo.bybit.com/v5/order/realtime?category=linear&settleCoin=USDT&openOnly=0&limit=50 "HTTP/1.1 200 OK"
app-1  | 2026-09-19T08:41:12.425497315Z 2026-09-19 08:41:12,423 INFO httpx: HTTP Request: GET https://api-demo.bybit.com/v5/order/realtime?category=linear&settleCoin=USDT&openOnly=0&limit=50&cursor=f406118f-d8e4-4de8-9625-54c3a71e8dbc%253A1789799560370%252C33134651-4d5b-4043-b54c-2a578f32b7a0%253A1789398492436 "HTTP/1.1 200 OK"
app-1  | 2026-09-19T08:41:13.678532316Z 2026-09-19 08:41:13,678 INFO httpx: HTTP Request: POST https://openrouter.ai/api/v1/chat/completions "HTTP/1.1 200 OK"
app-1  | 2026-09-19T08:41:17.716136174Z 2026-09-19 08:41:17,715 INFO cautious_crypto_bro.openrouter: OpenRouter inference for -1002132062264/11590 (0 image(s)) completed in 5.28s on attempt 1/3
app-1  | 2026-09-19T08:41:17.720902117Z 2026-09-19 08:41:17,720 INFO cautious_crypto_bro.openrouter: No actionable intent for -1002132062264/11590: The post contains only a conversational message about resting over the weekend and no trading signals or instructions.
app-1  | 2026-09-19T08:45:10.313042645Z 2026-09-19 08:45:10,312 INFO telethon.client.downloads: Starting direct file download in chunks of 131072 at 0, stride 131072
app-1  | 2026-09-19T08:45:11.107230213Z 2026-09-19 08:45:11,107 INFO httpx: HTTP Request: GET https://api-demo.bybit.com/v5/position/list?category=linear&settleCoin=USDT&limit=200 "HTTP/1.1 200 OK"
app-1  | 2026-09-19T08:45:11.363407605Z 2026-09-19 08:45:11,363 INFO httpx: HTTP Request: GET https://api-demo.bybit.com/v5/position/list?category=linear&settleCoin=USDT&limit=200&cursor=BEATUSDT%252C1789804800172%252C0 "HTTP/1.1 200 OK"
app-1  | 2026-09-19T08:45:11.617985123Z 2026-09-19 08:45:11,617 INFO httpx: HTTP Request: GET https://api-demo.bybit.com/v5/order/realtime?category=linear&settleCoin=USDT&openOnly=0&limit=50 "HTTP/1.1 200 OK"
app-1  | 2026-09-19T08:45:11.874722873Z 2026-09-19 08:45:11,874 INFO httpx: HTTP Request: GET https://api-demo.bybit.com/v5/order/realtime?category=linear&settleCoin=USDT&openOnly=0&limit=50&cursor=f406118f-d8e4-4de8-9625-54c3a71e8dbc%253A1789799560370%252C33134651-4d5b-4043-b54c-2a578f32b7a0%253A1789398492436 "HTTP/1.1 200 OK"
app-1  | 2026-09-19T08:45:22.150991691Z 2026-09-19 08:45:22,150 INFO httpx: HTTP Request: POST https://openrouter.ai/api/v1/chat/completions "HTTP/1.1 200 OK"
app-1  | 2026-09-19T08:45:31.595268828Z 2026-09-19 08:45:31,595 INFO httpx: HTTP Request: GET https://api-demo.bybit.com/v5/market/time "HTTP/1.1 200 OK"
app-1  | 2026-09-19T08:45:31.595531650Z 2026-09-19 08:45:31,595 INFO cautious_crypto_bro.bybit: Bybit clock offset +24695 ms (RTT 1479 ms)
app-1  | 2026-09-19T08:45:31.659796646Z 2026-09-19 08:45:31,659 INFO cautious_crypto_bro.openrouter: OpenRouter inference for -1003965967125/2982 (1 image(s)) completed in 19.77s on attempt 1/3
app-1  | 2026-09-19T08:45:31.665016603Z 2026-09-19 08:45:31,664 WARNING cautious_crypto_bro.service: Position action CLOSE TRUMPUSDT remains MANUAL because live position count is 0
app-1  | 2026-09-19T08:45:31.848546838Z 2026-09-19 08:45:31,848 INFO httpx: HTTP Request: GET https://api-demo.bybit.com/v5/position/list?category=linear&settleCoin=USDT&limit=200 "HTTP/1.1 200 OK"
app-1  | 2026-09-19T08:45:32.082386399Z 2026-09-19 08:45:32,082 INFO httpx: HTTP Request: GET https://api-demo.bybit.com/v5/position/closed-pnl?category=linear&startTime=1789713134332&endTime=1789807531664&limit=100 "HTTP/1.1 200 OK"
app-1  | 2026-09-19T08:45:32.105958926Z 2026-09-19 08:45:32,105 INFO httpx: HTTP Request: GET https://api-demo.bybit.com/v5/position/list?category=linear&settleCoin=USDT&limit=200&cursor=BEATUSDT%252C1789804800172%252C0 "HTTP/1.1 200 OK"
app-1  | 2026-09-19T08:45:32.347824390Z 2026-09-19 08:45:32,347 INFO httpx: HTTP Request: GET https://api-demo.bybit.com/v5/position/closed-pnl?category=linear&startTime=1789713134332&endTime=1789807531664&limit=100&cursor=3a55e1ce-6245-4df0-899b-69b625af9075%253A1789715877730090586%252C057bd656-3dd5-4eb8-bba5-32e0a4d32d3b%253A1789715874276155948 "HTTP/1.1 200 OK"
app-1  | 2026-09-19T08:45:32.356745771Z 2026-09-19 08:45:32,356 INFO httpx: HTTP Request: GET https://api-demo.bybit.com/v5/order/realtime?category=linear&settleCoin=USDT&openOnly=0&limit=50 "HTTP/1.1 200 OK"
app-1  | 2026-09-19T08:45:32.608684920Z 2026-09-19 08:45:32,608 INFO httpx: HTTP Request: GET https://api-demo.bybit.com/v5/order/realtime?category=linear&settleCoin=USDT&openOnly=0&limit=50&cursor=f406118f-d8e4-4de8-9625-54c3a71e8dbc%253A1789799560370%252C33134651-4d5b-4043-b54c-2a578f32b7a0%253A1789398492436 "HTTP/1.1 200 OK"
app-1  | 2026-09-19T08:45:33.625460212Z 2026-09-19 08:45:33,625 INFO httpx: HTTP Request: POST https://openrouter.ai/api/v1/chat/completions "HTTP/1.1 200 OK"
app-1  | 2026-09-19T08:45:35.848854576Z 2026-09-19 08:45:35,848 INFO cautious_crypto_bro.openrouter: OpenRouter inference for -1001262962760/99546 (0 image(s)) completed in 3.23s on attempt 1/3
app-1  | 2026-09-19T08:45:35.853926345Z 2026-09-19 08:45:35,853 INFO cautious_crypto_bro.openrouter: No actionable intent for -1001262962760/99546: The post contains only a greeting and no trading signals or position instructions.
app-1  | 2026-09-19T08:45:47.578184437Z 2026-09-19 08:45:47,577 INFO telethon.client.downloads: Starting direct file download in chunks of 131072 at 0, stride 131072
app-1  | 2026-09-19T08:45:49.198531134Z 2026-09-19 08:45:49,198 INFO httpx: HTTP Request: GET https://api-demo.bybit.com/v5/position/list?category=linear&settleCoin=USDT&limit=200 "HTTP/1.1 200 OK"
app-1  | 2026-09-19T08:45:49.491190058Z 2026-09-19 08:45:49,490 INFO httpx: HTTP Request: GET https://api-demo.bybit.com/v5/position/list?category=linear&settleCoin=USDT&limit=200&cursor=BEATUSDT%252C1789804800172%252C0 "HTTP/1.1 200 OK"
app-1  | 2026-09-19T08:45:49.745244555Z 2026-09-19 08:45:49,745 INFO httpx: HTTP Request: GET https://api-demo.bybit.com/v5/order/realtime?category=linear&settleCoin=USDT&openOnly=0&limit=50 "HTTP/1.1 200 OK"
app-1  | 2026-09-19T08:45:50.001377048Z 2026-09-19 08:45:50,001 INFO httpx: HTTP Request: GET https://api-demo.bybit.com/v5/order/realtime?category=linear&settleCoin=USDT&openOnly=0&limit=50&cursor=f406118f-d8e4-4de8-9625-54c3a71e8dbc%253A1789799560370%252C33134651-4d5b-4043-b54c-2a578f32b7a0%253A1789398492436 "HTTP/1.1 200 OK"
app-1  | 2026-09-19T08:45:52.642045855Z 2026-09-19 08:45:52,641 INFO httpx: HTTP Request: POST https://openrouter.ai/api/v1/chat/completions "HTTP/1.1 200 OK"
app-1  | 2026-09-19T08:45:56.275721493Z 2026-09-19 08:45:56,275 INFO cautious_crypto_bro.openrouter: OpenRouter inference for -1001262962760/99547 (1 image(s)) completed in 6.26s on attempt 1/3
app-1  | 2026-09-19T08:45:56.280364789Z 2026-09-19 08:45:56,280 INFO cautious_crypto_bro.openrouter: No actionable intent for -1001262962760/99547: The post contains market observations and price updates for BTC and ETH but does not provide any new trade signals or instructions for existing positions.
app-1  | 2026-09-19T08:50:03.709482192Z 2026-09-19 08:50:03,709 INFO telethon.client.updates: Got difference for account updates
app-1  | 2026-09-19T09:00:22.605728429Z 2026-09-19 09:00:22,605 INFO telethon.client.downloads: Starting direct file download in chunks of 131072 at 0, stride 131072
app-1  | 2026-09-19T09:00:23.660371486Z 2026-09-19 09:00:23,660 INFO httpx: HTTP Request: GET https://api-demo.bybit.com/v5/market/time "HTTP/1.1 200 OK"
app-1  | 2026-09-19T09:00:23.660636413Z 2026-09-19 09:00:23,660 INFO cautious_crypto_bro.bybit: Bybit clock offset +24331 ms (RTT 745 ms)
app-1  | 2026-09-19T09:00:23.918555381Z 2026-09-19 09:00:23,918 INFO httpx: HTTP Request: GET https://api-demo.bybit.com/v5/position/list?category=linear&settleCoin=USDT&limit=200 "HTTP/1.1 200 OK"
app-1  | 2026-09-19T09:00:24.175722719Z 2026-09-19 09:00:24,175 INFO httpx: HTTP Request: GET https://api-demo.bybit.com/v5/position/list?category=linear&settleCoin=USDT&limit=200&cursor=BEATUSDT%252C1789804800172%252C0 "HTTP/1.1 200 OK"
app-1  | 2026-09-19T09:00:24.433781634Z 2026-09-19 09:00:24,433 INFO httpx: HTTP Request: GET https://api-demo.bybit.com/v5/order/realtime?category=linear&settleCoin=USDT&openOnly=0&limit=50 "HTTP/1.1 200 OK"
app-1  | 2026-09-19T09:00:24.694440361Z 2026-09-19 09:00:24,694 INFO httpx: HTTP Request: GET https://api-demo.bybit.com/v5/order/realtime?category=linear&settleCoin=USDT&openOnly=0&limit=50&cursor=f406118f-d8e4-4de8-9625-54c3a71e8dbc%253A1789799560370%252C33134651-4d5b-4043-b54c-2a578f32b7a0%253A1789398492436 "HTTP/1.1 200 OK"
app-1  | 2026-09-19T09:00:28.286244574Z 2026-09-19 09:00:28,286 INFO httpx: HTTP Request: POST https://openrouter.ai/api/v1/chat/completions "HTTP/1.1 200 OK"
app-1  | 2026-09-19T09:00:29.674912071Z 2026-09-19 09:00:29,674 INFO cautious_crypto_bro.openrouter: OpenRouter inference for -1003965967125/2983 (1 image(s)) completed in 4.97s on attempt 1/3
app-1  | 2026-09-19T09:00:29.680541351Z 2026-09-19 09:00:29,680 INFO cautious_crypto_bro.openrouter: No actionable intent for -1003965967125/2983: The post contains only promotional text and an image with no trading signals or position instructions.
app-1  | 2026-09-19T09:17:10.635638526Z 2026-09-19 09:17:10,635 INFO telethon.client.downloads: Starting direct file download in chunks of 131072 at 0, stride 131072
app-1  | 2026-09-19T09:17:11.708834690Z 2026-09-19 09:17:11,708 INFO httpx: HTTP Request: GET https://api-demo.bybit.com/v5/market/time "HTTP/1.1 200 OK"
app-1  | 2026-09-19T09:17:11.708887591Z 2026-09-19 09:17:11,708 INFO cautious_crypto_bro.bybit: Bybit clock offset +24350 ms (RTT 741 ms)
app-1  | 2026-09-19T09:17:11.935904256Z 2026-09-19 09:17:11,935 INFO httpx: HTTP Request: GET https://api-demo.bybit.com/v5/position/list?category=linear&settleCoin=USDT&limit=200 "HTTP/1.1 200 OK"
app-1  | 2026-09-19T09:17:12.159614505Z 2026-09-19 09:17:12,159 INFO httpx: HTTP Request: GET https://api-demo.bybit.com/v5/position/list?category=linear&settleCoin=USDT&limit=200&cursor=BEATUSDT%252C1789804800172%252C0 "HTTP/1.1 200 OK"
app-1  | 2026-09-19T09:17:12.386938408Z 2026-09-19 09:17:12,386 INFO httpx: HTTP Request: GET https://api-demo.bybit.com/v5/order/realtime?category=linear&settleCoin=USDT&openOnly=0&limit=50 "HTTP/1.1 200 OK"
app-1  | 2026-09-19T09:17:12.611894203Z 2026-09-19 09:17:12,611 INFO httpx: HTTP Request: GET https://api-demo.bybit.com/v5/order/realtime?category=linear&settleCoin=USDT&openOnly=0&limit=50&cursor=f406118f-d8e4-4de8-9625-54c3a71e8dbc%253A1789799560370%252C33134651-4d5b-4043-b54c-2a578f32b7a0%253A1789398492436 "HTTP/1.1 200 OK"
app-1  | 2026-09-19T09:17:15.716248254Z 2026-09-19 09:17:15,716 INFO httpx: HTTP Request: POST https://openrouter.ai/api/v1/chat/completions "HTTP/1.1 200 OK"
app-1  | 2026-09-19T09:17:31.024721596Z 2026-09-19 09:17:31,024 WARNING cautious_crypto_bro.openrouter: Invalid OpenRouter structured output for -1002243423111/8036 on attempt 1/3: 1 validation error for IntentExtraction
app-1  | 2026-09-19T09:17:31.024771863Z intents.0.confidence
app-1  | 2026-09-19T09:17:31.024776943Z   Field required [type=missing, input_value={'symbol': 'HYPEUSDT', 's...or HYPEUSDT at market.'}, input_type=dict]
app-1  | 2026-09-19T09:17:31.024781131Z     For further information visit https://errors.pydantic.dev/2.13/v/missing
app-1  | 2026-09-19T09:17:31.024785109Z 2026-09-19 09:17:31,024 WARNING cautious_crypto_bro.openrouter: OpenRouter attempt 1/3 failed for -1002243423111/8036: OpenRouter returned invalid structured output; retrying
app-1  | 2026-09-19T09:17:36.542052154Z 2026-09-19 09:17:36,541 INFO httpx: HTTP Request: POST https://openrouter.ai/api/v1/chat/completions "HTTP/1.1 200 OK"
app-1  | 2026-09-19T09:17:38.549804003Z 2026-09-19 09:17:38,549 INFO cautious_crypto_bro.openrouter: OpenRouter inference for -1002243423111/8036 (1 image(s)) completed in 7.02s on attempt 2/3
app-1  | 2026-09-19T09:17:38.555230215Z 2026-09-19 09:17:38,554 WARNING cautious_crypto_bro.openrouter: Dropping incomplete OPEN candidate from -1002243423111/8036 for HYPEUSDT
app-1  | 2026-09-19T09:17:38.556744311Z 2026-09-19 09:17:38,555 INFO cautious_crypto_bro.openrouter: No actionable intent for -1002243423111/8036: The post contains a screenshot of an open HYPEUSDT SHORT position and the text 'Открыли?' which confirms the opening of a new position.
app-1  | 2026-09-19T09:35:04.417373433Z 2026-09-19 09:35:04,417 INFO telethon.client.updates: Got difference for channel 3965967125 updates
app-1  | 2026-09-19T10:04:05.503578659Z 2026-09-19 10:04:05,503 INFO telethon.client.downloads: Starting direct file download in chunks of 131072 at 0, stride 131072
app-1  | 2026-09-19T10:04:05.605957693Z 2026-09-19 10:04:05,605 INFO telethon.client.downloads: Starting direct file download in chunks of 131072 at 0, stride 131072
app-1  | 2026-09-19T10:04:07.485335073Z 2026-09-19 10:04:07,485 INFO httpx: HTTP Request: GET https://api-demo.bybit.com/v5/market/time "HTTP/1.1 200 OK"
app-1  | 2026-09-19T10:04:07.485518974Z 2026-09-19 10:04:07,485 INFO cautious_crypto_bro.bybit: Bybit clock offset +24864 ms (RTT 1739 ms)
app-1  | 2026-09-19T10:04:07.713308807Z 2026-09-19 10:04:07,713 INFO httpx: HTTP Request: GET https://api-demo.bybit.com/v5/position/list?category=linear&settleCoin=USDT&limit=200 "HTTP/1.1 200 OK"
app-1  | 2026-09-19T10:04:07.943706617Z 2026-09-19 10:04:07,943 INFO httpx: HTTP Request: GET https://api-demo.bybit.com/v5/position/list?category=linear&settleCoin=USDT&limit=200&cursor=BEATUSDT%252C1789804800172%252C0 "HTTP/1.1 200 OK"
app-1  | 2026-09-19T10:04:08.331067232Z 2026-09-19 10:04:08,330 INFO httpx: HTTP Request: GET https://api-demo.bybit.com/v5/order/realtime?category=linear&settleCoin=USDT&openOnly=0&limit=50 "HTTP/1.1 200 OK"
app-1  | 2026-09-19T10:04:08.560157245Z 2026-09-19 10:04:08,559 INFO httpx: HTTP Request: GET https://api-demo.bybit.com/v5/order/realtime?category=linear&settleCoin=USDT&openOnly=0&limit=50&cursor=f406118f-d8e4-4de8-9625-54c3a71e8dbc%253A1789799560370%252C33134651-4d5b-4043-b54c-2a578f32b7a0%253A1789398492436 "HTTP/1.1 200 OK"
app-1  | 2026-09-19T10:04:11.868387179Z 2026-09-19 10:04:11,868 INFO httpx: HTTP Request: POST https://openrouter.ai/api/v1/chat/completions "HTTP/1.1 200 OK"
app-1  | 2026-09-19T10:04:19.448078053Z 2026-09-19 10:04:19,447 INFO cautious_crypto_bro.openrouter: OpenRouter inference for -1002243423111/8037 (2 image(s)) completed in 10.88s on attempt 1/3
app-1  | 2026-09-19T10:04:20.891180812Z 2026-09-19 10:04:20,890 INFO httpx: HTTP Request: GET https://api-demo.bybit.com/v5/market/tickers?category=linear&symbol=BTCUSDT "HTTP/1.1 200 OK"
app-1  | 2026-09-19T10:04:21.113587381Z 2026-09-19 10:04:21,113 INFO httpx: HTTP Request: GET https://api-demo.bybit.com/v5/market/instruments-info?category=linear&symbol=BTCUSDT "HTTP/1.1 200 OK"
app-1  | 2026-09-19T10:04:21.343653454Z 2026-09-19 10:04:21,343 INFO httpx: HTTP Request: GET https://api-demo.bybit.com/v5/position/closed-pnl?category=linear&startTime=1789721131664&endTime=1789812261114&limit=100 "HTTP/1.1 200 OK"
app-1  | 2026-09-19T10:04:21.608313704Z 2026-09-19 10:04:21,608 INFO httpx: HTTP Request: GET https://api-demo.bybit.com/v5/position/list?category=linear&settleCoin=USDT&limit=200 "HTTP/1.1 200 OK"
app-1  | 2026-09-19T10:04:21.836332758Z 2026-09-19 10:04:21,836 INFO httpx: HTTP Request: GET https://api-demo.bybit.com/v5/position/list?category=linear&settleCoin=USDT&limit=200&cursor=BEATUSDT%252C1789804800172%252C0 "HTTP/1.1 200 OK"
app-1  | 2026-09-19T10:04:22.063433401Z 2026-09-19 10:04:22,063 INFO httpx: HTTP Request: GET https://api-demo.bybit.com/v5/order/realtime?category=linear&settleCoin=USDT&openOnly=0&limit=50 "HTTP/1.1 200 OK"
app-1  | 2026-09-19T10:04:22.292287350Z 2026-09-19 10:04:22,292 INFO httpx: HTTP Request: GET https://api-demo.bybit.com/v5/order/realtime?category=linear&settleCoin=USDT&openOnly=0&limit=50&cursor=f406118f-d8e4-4de8-9625-54c3a71e8dbc%253A1789799560370%252C33134651-4d5b-4043-b54c-2a578f32b7a0%253A1789398492436 "HTTP/1.1 200 OK"
app-1  | 2026-09-19T10:04:22.520068920Z 2026-09-19 10:04:22,519 INFO httpx: HTTP Request: POST https://api-demo.bybit.com/v5/order/create "HTTP/1.1 200 OK"
app-1  | 2026-09-19T10:04:22.842527555Z 2026-09-19 10:04:22,842 INFO cautious_crypto_bro.service: AUTO OPEN b1cdf3dd-7c74-4df1-82f0-9a8d8d9a3229 finished EXECUTED
app-1  | 2026-09-19T10:05:04.759014344Z 2026-09-19 10:05:04,758 INFO telethon.client.updates: Got difference for channel 1644656268 updates
app-1  | 2026-09-19T10:05:23.042880463Z 2026-09-19 10:05:23,042 INFO cautious_crypto_bro.telegram_source: Ignoring Telegram message group starting at 2984: no text or supported images
app-1  | 2026-09-19T10:30:57.853200189Z 2026-09-19 10:30:57,853 INFO httpx: HTTP Request: GET https://api-demo.bybit.com/v5/market/time "HTTP/1.1 200 OK"
app-1  | 2026-09-19T10:30:57.853446259Z 2026-09-19 10:30:57,853 INFO cautious_crypto_bro.bybit: Bybit clock offset +24304 ms (RTT 599 ms)
app-1  | 2026-09-19T10:30:58.080283228Z 2026-09-19 10:30:58,080 INFO httpx: HTTP Request: GET https://api-demo.bybit.com/v5/position/list?category=linear&settleCoin=USDT&limit=200 "HTTP/1.1 200 OK"
app-1  | 2026-09-19T10:30:58.308745789Z 2026-09-19 10:30:58,308 INFO httpx: HTTP Request: GET https://api-demo.bybit.com/v5/position/list?category=linear&settleCoin=USDT&limit=200&cursor=BEATUSDT%252C1789804800172%252C0 "HTTP/1.1 200 OK"
app-1  | 2026-09-19T10:30:58.534641405Z 2026-09-19 10:30:58,534 INFO httpx: HTTP Request: GET https://api-demo.bybit.com/v5/order/realtime?category=linear&settleCoin=USDT&openOnly=0&limit=50 "HTTP/1.1 200 OK"
app-1  | 2026-09-19T10:30:58.760106730Z 2026-09-19 10:30:58,759 INFO httpx: HTTP Request: GET https://api-demo.bybit.com/v5/order/realtime?category=linear&settleCoin=USDT&openOnly=0&limit=50&cursor=4df1c29f-fa04-437c-8add-c2b5eefb741b%253A1789812286514%252C33134651-4d5b-4043-b54c-2a578f32b7a0%253A1789398492436 "HTTP/1.1 200 OK"
app-1  | 2026-09-19T10:30:59.703712988Z 2026-09-19 10:30:59,703 INFO httpx: HTTP Request: POST https://openrouter.ai/api/v1/chat/completions "HTTP/1.1 200 OK"
app-1  | 2026-09-19T10:31:01.031986644Z 2026-09-19 10:31:01,029 INFO cautious_crypto_bro.openrouter: OpenRouter inference for -1003965967125/2985 (0 image(s)) completed in 2.26s on attempt 1/3
app-1  | 2026-09-19T10:31:01.035005920Z 2026-09-19 10:31:01,034 INFO cautious_crypto_bro.openrouter: No actionable intent for -1003965967125/2985: The post contains only conversational text and does not contain any trading signals or instructions for existing positions.
app-1  | 2026-09-19T10:35:04.125518638Z 2026-09-19 10:35:04,125 INFO telethon.client.updates: Got difference for account updates
app-1  | 2026-09-19T10:45:04.294352521Z 2026-09-19 10:45:04,294 INFO telethon.client.downloads: Starting direct file download in chunks of 131072 at 0, stride 131072
app-1  | 2026-09-19T10:45:04.417406914Z 2026-09-19 10:45:04,417 INFO telethon.client.downloads: Starting direct file download in chunks of 131072 at 0, stride 131072
app-1  | 2026-09-19T10:45:05.296889887Z 2026-09-19 10:45:05,296 INFO httpx: HTTP Request: GET https://api-demo.bybit.com/v5/market/time "HTTP/1.1 200 OK"
app-1  | 2026-09-19T10:45:05.297012420Z 2026-09-19 10:45:05,296 INFO cautious_crypto_bro.bybit: Bybit clock offset +24380 ms (RTT 745 ms)
app-1  | 2026-09-19T10:45:05.523390805Z 2026-09-19 10:45:05,523 INFO httpx: HTTP Request: GET https://api-demo.bybit.com/v5/position/list?category=linear&settleCoin=USDT&limit=200 "HTTP/1.1 200 OK"
app-1  | 2026-09-19T10:45:05.751151371Z 2026-09-19 10:45:05,750 INFO httpx: HTTP Request: GET https://api-demo.bybit.com/v5/position/list?category=linear&settleCoin=USDT&limit=200&cursor=BEATUSDT%252C1789804800172%252C0 "HTTP/1.1 200 OK"
app-1  | 2026-09-19T10:45:05.978770336Z 2026-09-19 10:45:05,978 INFO httpx: HTTP Request: GET https://api-demo.bybit.com/v5/order/realtime?category=linear&settleCoin=USDT&openOnly=0&limit=50 "HTTP/1.1 200 OK"
app-1  | 2026-09-19T10:45:06.206501433Z 2026-09-19 10:45:06,206 INFO httpx: HTTP Request: GET https://api-demo.bybit.com/v5/order/realtime?category=linear&settleCoin=USDT&openOnly=0&limit=50&cursor=4df1c29f-fa04-437c-8add-c2b5eefb741b%253A1789812286514%252C33134651-4d5b-4043-b54c-2a578f32b7a0%253A1789398492436 "HTTP/1.1 200 OK"
app-1  | 2026-09-19T10:45:08.946879523Z 2026-09-19 10:45:08,946 INFO httpx: HTTP Request: POST https://openrouter.ai/api/v1/chat/completions "HTTP/1.1 200 OK"
app-1  | 2026-09-19T10:45:29.215149739Z 2026-09-19 10:45:29,214 INFO cautious_crypto_bro.openrouter: OpenRouter inference for -1003965967125/2986 (2 image(s)) completed in 23.00s on attempt 1/3
app-1  | 2026-09-19T10:45:29.219904385Z 2026-09-19 10:45:29,219 INFO cautious_crypto_bro.openrouter: No actionable intent for -1003965967125/2986: The post is promotional content regarding a trading course/PDF and contains no new trade signals or instructions for existing positions.
app-1  | 2026-09-19T10:50:04.268941629Z 2026-09-19 10:50:04,268 INFO telethon.client.updates: Got difference for channel 1262962760 updates
app-1  | 2026-09-19T10:50:04.269290867Z 2026-09-19 10:50:04,269 INFO telethon.client.downloads: Starting direct file download in chunks of 131072 at 0, stride 131072
app-1  | 2026-09-19T10:50:04.957170216Z 2026-09-19 10:50:04,956 INFO httpx: HTTP Request: GET https://api-demo.bybit.com/v5/position/list?category=linear&settleCoin=USDT&limit=200 "HTTP/1.1 200 OK"
app-1  | 2026-09-19T10:50:04.958602698Z 2026-09-19 10:50:04,958 INFO httpx: HTTP Request: GET https://api-demo.bybit.com/v5/position/list?category=linear&settleCoin=USDT&limit=200 "HTTP/1.1 200 OK"
app-1  | 2026-09-19T10:50:05.184459456Z 2026-09-19 10:50:05,184 INFO httpx: HTTP Request: GET https://api-demo.bybit.com/v5/position/list?category=linear&settleCoin=USDT&limit=200&cursor=BEATUSDT%252C1789804800172%252C0 "HTTP/1.1 200 OK"
app-1  | 2026-09-19T10:50:05.185577285Z 2026-09-19 10:50:05,185 INFO httpx: HTTP Request: GET https://api-demo.bybit.com/v5/position/list?category=linear&settleCoin=USDT&limit=200&cursor=BEATUSDT%252C1789804800172%252C0 "HTTP/1.1 200 OK"
app-1  | 2026-09-19T10:50:05.411951828Z 2026-09-19 10:50:05,411 INFO httpx: HTTP Request: GET https://api-demo.bybit.com/v5/order/realtime?category=linear&settleCoin=USDT&openOnly=0&limit=50 "HTTP/1.1 200 OK"
app-1  | 2026-09-19T10:50:05.420950938Z 2026-09-19 10:50:05,420 INFO httpx: HTTP Request: GET https://api-demo.bybit.com/v5/order/realtime?category=linear&settleCoin=USDT&openOnly=0&limit=50 "HTTP/1.1 200 OK"
app-1  | 2026-09-19T10:50:05.633835544Z 2026-09-19 10:50:05,633 INFO httpx: HTTP Request: GET https://api-demo.bybit.com/v5/market/time "HTTP/1.1 200 OK"
app-1  | 2026-09-19T10:50:05.633936958Z 2026-09-19 10:50:05,633 INFO cautious_crypto_bro.bybit: Bybit clock offset +24120 ms (RTT 221 ms)
app-1  | 2026-09-19T10:50:05.643636399Z 2026-09-19 10:50:05,643 INFO httpx: HTTP Request: GET https://api-demo.bybit.com/v5/market/time "HTTP/1.1 200 OK"
app-1  | 2026-09-19T10:50:05.643754375Z 2026-09-19 10:50:05,643 INFO cautious_crypto_bro.bybit: Bybit clock offset +24120 ms (RTT 222 ms)
app-1  | 2026-09-19T10:50:05.859520914Z 2026-09-19 10:50:05,859 INFO httpx: HTTP Request: GET https://api-demo.bybit.com/v5/order/realtime?category=linear&settleCoin=USDT&openOnly=0&limit=50&cursor=4df1c29f-fa04-437c-8add-c2b5eefb741b%253A1789812286514%252C33134651-4d5b-4043-b54c-2a578f32b7a0%253A1789398492436 "HTTP/1.1 200 OK"
app-1  | 2026-09-19T10:50:05.871411509Z 2026-09-19 10:50:05,871 INFO httpx: HTTP Request: GET https://api-demo.bybit.com/v5/order/realtime?category=linear&settleCoin=USDT&openOnly=0&limit=50&cursor=4df1c29f-fa04-437c-8add-c2b5eefb741b%253A1789812286514%252C33134651-4d5b-4043-b54c-2a578f32b7a0%253A1789398492436 "HTTP/1.1 200 OK"
app-1  | 2026-09-19T10:50:06.604424569Z 2026-09-19 10:50:06,604 INFO httpx: HTTP Request: POST https://openrouter.ai/api/v1/chat/completions "HTTP/1.1 200 OK"
app-1  | 2026-09-19T10:50:07.736269403Z 2026-09-19 10:50:07,736 INFO cautious_crypto_bro.openrouter: OpenRouter inference for -1001262962760/99549 (0 image(s)) completed in 1.86s on attempt 1/3
app-1  | 2026-09-19T10:50:07.740986209Z 2026-09-19 10:50:07,740 INFO cautious_crypto_bro.openrouter: No actionable intent for -1001262962760/99549: The post contains only market observations and price analysis without any explicit trade instructions or new position signals.
app-1  | 2026-09-19T10:50:08.035383529Z 2026-09-19 10:50:08,035 INFO httpx: HTTP Request: POST https://openrouter.ai/api/v1/chat/completions "HTTP/1.1 200 OK"
app-1  | 2026-09-19T10:50:09.044581914Z 2026-09-19 10:50:09,044 INFO cautious_crypto_bro.openrouter: OpenRouter inference for -1001262962760/99548 (1 image(s)) completed in 3.15s on attempt 1/3
app-1  | 2026-09-19T10:50:09.049461531Z 2026-09-19 10:50:09,049 INFO cautious_crypto_bro.openrouter: No actionable intent for -1001262962760/99548: The post provides market observation and analysis of BTCUSDT consolidation but contains no new trade proposals or instructions to modify existing positions.
app-1  | 2026-09-19T11:03:12.380345392Z 2026-09-19 11:03:12,380 INFO httpx: HTTP Request: GET https://api-demo.bybit.com/v5/market/time "HTTP/1.1 200 OK"
app-1  | 2026-09-19T11:03:12.380452246Z 2026-09-19 11:03:12,380 INFO cautious_crypto_bro.bybit: Bybit clock offset +24319 ms (RTT 608 ms)
app-1  | 2026-09-19T11:03:12.607483763Z 2026-09-19 11:03:12,607 INFO httpx: HTTP Request: GET https://api-demo.bybit.com/v5/position/list?category=linear&settleCoin=USDT&limit=200 "HTTP/1.1 200 OK"
app-1  | 2026-09-19T11:03:12.834210168Z 2026-09-19 11:03:12,834 INFO httpx: HTTP Request: GET https://api-demo.bybit.com/v5/position/list?category=linear&settleCoin=USDT&limit=200&cursor=BEATUSDT%252C1789804800172%252C0 "HTTP/1.1 200 OK"
app-1  | 2026-09-19T11:03:13.060555053Z 2026-09-19 11:03:13,060 INFO httpx: HTTP Request: GET https://api-demo.bybit.com/v5/order/realtime?category=linear&settleCoin=USDT&openOnly=0&limit=50 "HTTP/1.1 200 OK"
app-1  | 2026-09-19T11:03:13.286993308Z 2026-09-19 11:03:13,286 INFO httpx: HTTP Request: GET https://api-demo.bybit.com/v5/order/realtime?category=linear&settleCoin=USDT&openOnly=0&limit=50&cursor=4df1c29f-fa04-437c-8add-c2b5eefb741b%253A1789812286514%252C33134651-4d5b-4043-b54c-2a578f32b7a0%253A1789398492436 "HTTP/1.1 200 OK"
app-1  | 2026-09-19T11:03:13.891393297Z 2026-09-19 11:03:13,891 INFO httpx: HTTP Request: POST https://openrouter.ai/api/v1/chat/completions "HTTP/1.1 200 OK"
app-1  | 2026-09-19T11:03:26.077719031Z 2026-09-19 11:03:26,077 INFO cautious_crypto_bro.openrouter: OpenRouter inference for -1003965967125/2988 (0 image(s)) completed in 12.78s on attempt 1/3
app-1  | 2026-09-19T11:03:26.082402289Z 2026-09-19 11:03:26,082 INFO cautious_crypto_bro.openrouter: No actionable intent for -1003965967125/2988: The post contains only promotional text and does not include any trading signals or instructions for existing positions.
app-1  | 2026-09-19T11:11:10.101979411Z 2026-09-19 11:11:10,101 INFO telethon.client.downloads: Starting direct file download in chunks of 131072 at 0, stride 131072
app-1  | 2026-09-19T11:11:10.926163332Z 2026-09-19 11:11:10,925 INFO httpx: HTTP Request: GET https://api-demo.bybit.com/v5/market/time "HTTP/1.1 200 OK"
app-1  | 2026-09-19T11:11:10.926317587Z 2026-09-19 11:11:10,926 INFO cautious_crypto_bro.bybit: Bybit clock offset +24313 ms (RTT 622 ms)
app-1  | 2026-09-19T11:11:11.154512221Z 2026-09-19 11:11:11,154 INFO httpx: HTTP Request: GET https://api-demo.bybit.com/v5/position/list?category=linear&settleCoin=USDT&limit=200 "HTTP/1.1 200 OK"
app-1  | 2026-09-19T11:11:11.382844381Z 2026-09-19 11:11:11,382 INFO httpx: HTTP Request: GET https://api-demo.bybit.com/v5/position/list?category=linear&settleCoin=USDT&limit=200&cursor=BEATUSDT%252C1789804800172%252C0 "HTTP/1.1 200 OK"
app-1  | 2026-09-19T11:11:11.610041597Z 2026-09-19 11:11:11,609 INFO httpx: HTTP Request: GET https://api-demo.bybit.com/v5/order/realtime?category=linear&settleCoin=USDT&openOnly=0&limit=50 "HTTP/1.1 200 OK"
app-1  | 2026-09-19T11:11:11.849159755Z 2026-09-19 11:11:11,848 INFO httpx: HTTP Request: GET https://api-demo.bybit.com/v5/order/realtime?category=linear&settleCoin=USDT&openOnly=0&limit=50&cursor=4df1c29f-fa04-437c-8add-c2b5eefb741b%253A1789812286514%252C33134651-4d5b-4043-b54c-2a578f32b7a0%253A1789398492436 "HTTP/1.1 200 OK"
app-1  | 2026-09-19T11:11:16.567349331Z 2026-09-19 11:11:16,566 INFO httpx: HTTP Request: POST https://openrouter.ai/api/v1/chat/completions "HTTP/1.1 200 OK"
app-1  | 2026-09-19T11:11:20.352176126Z 2026-09-19 11:11:20,350 INFO cautious_crypto_bro.openrouter: OpenRouter inference for -1002243423111/8039 (1 image(s)) completed in 8.49s on attempt 1/3
app-1  | 2026-09-19T11:11:20.359437306Z 2026-09-19 11:11:20,359 INFO cautious_crypto_bro.openrouter: Ignoring UPDATE_EXISTING candidate from -1002243423111/8039 for BEATUSDT
app-1  | 2026-09-19T11:11:20.359462604Z 2026-09-19 11:11:20,359 INFO cautious_crypto_bro.openrouter: Ignoring UPDATE_EXISTING candidate from -1002243423111/8039 for HYPEUSDT
app-1  | 2026-09-19T11:11:20.900992599Z 2026-09-19 11:11:20,900 INFO httpx: HTTP Request: GET https://api-demo.bybit.com/v5/position/closed-pnl?category=linear&startTime=1789725861114&endTime=1789816280359&limit=100 "HTTP/1.1 200 OK"
app-1  | 2026-09-19T11:11:21.164194051Z 2026-09-19 11:11:21,163 INFO httpx: HTTP Request: GET https://api-demo.bybit.com/v5/position/list?category=linear&symbol=BEATUSDT "HTTP/1.1 200 OK"
app-1  | 2026-09-19T11:11:21.404890859Z 2026-09-19 11:11:21,404 INFO httpx: HTTP Request: GET https://api-demo.bybit.com/v5/order/realtime?category=linear&symbol=BEATUSDT&openOnly=0&orderFilter=Order&limit=50 "HTTP/1.1 200 OK"
app-1  | 2026-09-19T11:11:21.633218003Z 2026-09-19 11:11:21,633 INFO httpx: HTTP Request: GET https://api-demo.bybit.com/v5/position/list?category=linear&symbol=BEATUSDT "HTTP/1.1 200 OK"
app-1  | 2026-09-19T11:11:21.859712177Z 2026-09-19 11:11:21,859 INFO httpx: HTTP Request: GET https://api-demo.bybit.com/v5/order/realtime?category=linear&symbol=BEATUSDT&openOnly=0&orderFilter=Order&limit=50 "HTTP/1.1 200 OK"
app-1  | 2026-09-19T11:11:22.089288302Z 2026-09-19 11:11:22,089 INFO httpx: HTTP Request: GET https://api-demo.bybit.com/v5/position/list?category=linear&symbol=BEATUSDT "HTTP/1.1 200 OK"
app-1  | 2026-09-19T11:11:22.325206929Z 2026-09-19 11:11:22,324 INFO httpx: HTTP Request: GET https://api-demo.bybit.com/v5/order/realtime?category=linear&symbol=BEATUSDT&openOnly=0&orderFilter=Order&limit=50 "HTTP/1.1 200 OK"
app-1  | 2026-09-19T11:11:22.549942108Z 2026-09-19 11:11:22,549 INFO httpx: HTTP Request: GET https://api-demo.bybit.com/v5/market/instruments-info?category=linear&symbol=BEATUSDT "HTTP/1.1 200 OK"
app-1  | 2026-09-19T11:11:22.775752070Z 2026-09-19 11:11:22,775 INFO httpx: HTTP Request: POST https://api-demo.bybit.com/v5/order/create "HTTP/1.1 200 OK"
app-1  | 2026-09-19T11:11:23.081079957Z 2026-09-19 11:11:23,080 INFO cautious_crypto_bro.service: AUTO position action 849898d8-a1a5-48be-a59f-29015cdbe99a finished EXECUTED
app-1  | 2026-09-19T11:15:13.510989614Z 2026-09-19 11:15:13,510 INFO httpx: HTTP Request: GET https://api-demo.bybit.com/v5/position/list?category=linear&settleCoin=USDT&limit=200 "HTTP/1.1 200 OK"
app-1  | 2026-09-19T11:15:13.757327715Z 2026-09-19 11:15:13,757 INFO httpx: HTTP Request: GET https://api-demo.bybit.com/v5/position/list?category=linear&settleCoin=USDT&limit=200&cursor=XLMUSDT%252C1789804800173%252C0 "HTTP/1.1 200 OK"
app-1  | 2026-09-19T11:15:13.984595769Z 2026-09-19 11:15:13,984 INFO httpx: HTTP Request: GET https://api-demo.bybit.com/v5/order/realtime?category=linear&settleCoin=USDT&openOnly=0&limit=50 "HTTP/1.1 200 OK"
app-1  | 2026-09-19T11:15:14.221045355Z 2026-09-19 11:15:14,220 INFO httpx: HTTP Request: GET https://api-demo.bybit.com/v5/order/realtime?category=linear&settleCoin=USDT&openOnly=0&limit=50&cursor=4df1c29f-fa04-437c-8add-c2b5eefb741b%253A1789812286514%252C33134651-4d5b-4043-b54c-2a578f32b7a0%253A1789398492436 "HTTP/1.1 200 OK"
app-1  | 2026-09-19T11:15:19.470198761Z 2026-09-19 11:15:19,469 INFO httpx: HTTP Request: POST https://openrouter.ai/api/v1/chat/completions "HTTP/1.1 200 OK"
app-1  | 2026-09-19T11:15:20.258084085Z 2026-09-19 11:15:20,257 INFO cautious_crypto_bro.openrouter: OpenRouter inference for -1003965967125/2989 (0 image(s)) completed in 6.03s on attempt 1/3
app-1  | 2026-09-19T11:15:20.263872146Z 2026-09-19 11:15:20,263 INFO cautious_crypto_bro.openrouter: No actionable intent for -1003965967125/2989: The post contains only promotional text about a training course and no trading signals or position instructions.
app-1  | 2026-09-19T11:46:37.740387519Z 2026-09-19 11:46:37,740 INFO telethon.client.downloads: Starting direct file download in chunks of 131072 at 0, stride 131072
app-1  | 2026-09-19T11:46:39.646157000Z 2026-09-19 11:46:39,645 INFO httpx: HTTP Request: GET https://api-demo.bybit.com/v5/market/time "HTTP/1.1 200 OK"
app-1  | 2026-09-19T11:46:39.646255537Z 2026-09-19 11:46:39,646 INFO cautious_crypto_bro.bybit: Bybit clock offset +24904 ms (RTT 1756 ms)
app-1  | 2026-09-19T11:46:39.872853683Z 2026-09-19 11:46:39,872 INFO httpx: HTTP Request: GET https://api-demo.bybit.com/v5/position/list?category=linear&settleCoin=USDT&limit=200 "HTTP/1.1 200 OK"
app-1  | 2026-09-19T11:46:40.101450138Z 2026-09-19 11:46:40,101 INFO httpx: HTTP Request: GET https://api-demo.bybit.com/v5/position/list?category=linear&settleCoin=USDT&limit=200&cursor=XLMUSDT%252C1789804800173%252C0 "HTTP/1.1 200 OK"
app-1  | 2026-09-19T11:46:40.328369086Z 2026-09-19 11:46:40,328 INFO httpx: HTTP Request: GET https://api-demo.bybit.com/v5/order/realtime?category=linear&settleCoin=USDT&openOnly=0&limit=50 "HTTP/1.1 200 OK"
app-1  | 2026-09-19T11:46:40.557295101Z 2026-09-19 11:46:40,557 INFO httpx: HTTP Request: GET https://api-demo.bybit.com/v5/order/realtime?category=linear&settleCoin=USDT&openOnly=0&limit=50&cursor=4df1c29f-fa04-437c-8add-c2b5eefb741b%253A1789812286514%252C33134651-4d5b-4043-b54c-2a578f32b7a0%253A1789398492436 "HTTP/1.1 200 OK"
app-1  | 2026-09-19T11:46:43.896866494Z 2026-09-19 11:46:43,896 INFO httpx: HTTP Request: POST https://openrouter.ai/api/v1/chat/completions "HTTP/1.1 200 OK"
app-1  | 2026-09-19T11:46:54.281086298Z 2026-09-19 11:46:54,280 INFO cautious_crypto_bro.openrouter: OpenRouter inference for -1003965967125/2990 (1 image(s)) completed in 13.71s on attempt 1/3
app-1  | 2026-09-19T11:46:55.829561431Z 2026-09-19 11:46:55,829 INFO httpx: HTTP Request: GET https://api-demo.bybit.com/v5/market/tickers?category=linear&symbol=UNIUSDT "HTTP/1.1 200 OK"
app-1  | 2026-09-19T11:46:56.052716763Z 2026-09-19 11:46:56,052 INFO httpx: HTTP Request: GET https://api-demo.bybit.com/v5/market/instruments-info?category=linear&symbol=UNIUSDT "HTTP/1.1 200 OK"
app-1  | 2026-09-19T11:46:56.055395546Z 2026-09-19 11:46:56,053 ERROR cautious_crypto_bro.service: Execution planning failed for candidate UNIUSDT from -1003965967125/2990
app-1  | 2026-09-19T11:46:56.055413631Z Traceback (most recent call last):
app-1  | 2026-09-19T11:46:56.055418330Z   File "/app/src/cautious_crypto_bro/service.py", line 466, in on_message
app-1  | 2026-09-19T11:46:56.055428960Z     plan = self._planner.plan(
app-1  | 2026-09-19T11:46:56.055433158Z            ^^^^^^^^^^^^^^^^^^^
app-1  | 2026-09-19T11:46:56.055437306Z   File "/app/src/cautious_crypto_bro/execution.py", line 121, in plan
app-1  | 2026-09-19T11:46:56.055441444Z     raise ExecutionPlanningError(
app-1  | 2026-09-19T11:46:56.055445352Z cautious_crypto_bro.execution.ExecutionPlanningError: Configured risk budget is too small for Bybit minimum quantity
app-1  | 2026-09-19T12:40:32.222187453Z 2026-09-19 12:40:32,221 INFO telethon.client.downloads: Starting direct file download in chunks of 131072 at 0, stride 131072
app-1  | 2026-09-19T12:40:33.261639937Z 2026-09-19 12:40:33,261 INFO httpx: HTTP Request: GET https://api-demo.bybit.com/v5/market/time "HTTP/1.1 200 OK"
app-1  | 2026-09-19T12:40:33.261847977Z 2026-09-19 12:40:33,261 INFO cautious_crypto_bro.bybit: Bybit clock offset +24479 ms (RTT 894 ms)
app-1  | 2026-09-19T12:40:33.518872889Z 2026-09-19 12:40:33,518 INFO httpx: HTTP Request: GET https://api-demo.bybit.com/v5/position/list?category=linear&settleCoin=USDT&limit=200 "HTTP/1.1 200 OK"
app-1  | 2026-09-19T12:40:33.779714743Z 2026-09-19 12:40:33,779 INFO httpx: HTTP Request: GET https://api-demo.bybit.com/v5/position/list?category=linear&settleCoin=USDT&limit=200&cursor=XLMUSDT%252C1789804800173%252C0 "HTTP/1.1 200 OK"
app-1  | 2026-09-19T12:40:34.036154862Z 2026-09-19 12:40:34,035 INFO httpx: HTTP Request: GET https://api-demo.bybit.com/v5/order/realtime?category=linear&settleCoin=USDT&openOnly=0&limit=50 "HTTP/1.1 200 OK"
app-1  | 2026-09-19T12:40:34.292328288Z 2026-09-19 12:40:34,292 INFO httpx: HTTP Request: GET https://api-demo.bybit.com/v5/order/realtime?category=linear&settleCoin=USDT&openOnly=0&limit=50&cursor=4df1c29f-fa04-437c-8add-c2b5eefb741b%253A1789812286514%252C33134651-4d5b-4043-b54c-2a578f32b7a0%253A1789398492436 "HTTP/1.1 200 OK"
app-1  | 2026-09-19T12:40:38.029229983Z 2026-09-19 12:40:38,028 INFO httpx: HTTP Request: POST https://openrouter.ai/api/v1/chat/completions "HTTP/1.1 200 OK"
app-1  | 2026-09-19T12:40:39.549003291Z 2026-09-19 12:40:39,548 INFO cautious_crypto_bro.openrouter: OpenRouter inference for -1003965967125/2991 (1 image(s)) completed in 5.24s on attempt 1/3
app-1  | 2026-09-19T12:40:39.553859863Z 2026-09-19 12:40:39,553 INFO cautious_crypto_bro.openrouter: No actionable intent for -1003965967125/2991: The post contains only market observations and a chart regarding Bitcoin open interest; no new trade signals or position actions were provided.
app-1  | 2026-09-19T12:44:12.817887456Z 2026-09-19 12:44:12,817 INFO telethon.client.downloads: Starting direct file download in chunks of 131072 at 0, stride 131072
app-1  | 2026-09-19T12:44:13.524847785Z 2026-09-19 12:44:13,524 INFO httpx: HTTP Request: GET https://api-demo.bybit.com/v5/position/list?category=linear&settleCoin=USDT&limit=200 "HTTP/1.1 200 OK"
app-1  | 2026-09-19T12:44:13.861672706Z 2026-09-19 12:44:13,861 INFO httpx: HTTP Request: GET https://api-demo.bybit.com/v5/position/list?category=linear&settleCoin=USDT&limit=200&cursor=XLMUSDT%252C1789804800173%252C0 "HTTP/1.1 200 OK"
app-1  | 2026-09-19T12:44:14.089464901Z 2026-09-19 12:44:14,089 INFO httpx: HTTP Request: GET https://api-demo.bybit.com/v5/order/realtime?category=linear&settleCoin=USDT&openOnly=0&limit=50 "HTTP/1.1 200 OK"
app-1  | 2026-09-19T12:44:14.318372770Z 2026-09-19 12:44:14,317 INFO httpx: HTTP Request: GET https://api-demo.bybit.com/v5/order/realtime?category=linear&settleCoin=USDT&openOnly=0&limit=50&cursor=4df1c29f-fa04-437c-8add-c2b5eefb741b%253A1789812286514%252C33134651-4d5b-4043-b54c-2a578f32b7a0%253A1789398492436 "HTTP/1.1 200 OK"
app-1  | 2026-09-19T12:44:17.200447943Z 2026-09-19 12:44:17,200 INFO httpx: HTTP Request: POST https://openrouter.ai/api/v1/chat/completions "HTTP/1.1 200 OK"
app-1  | 2026-09-19T12:44:19.177371277Z 2026-09-19 12:44:19,177 INFO cautious_crypto_bro.openrouter: OpenRouter inference for -1002132062264/11595 (1 image(s)) completed in 4.84s on attempt 1/3
app-1  | 2026-09-19T12:44:19.182869805Z 2026-09-19 12:44:19,182 WARNING cautious_crypto_bro.openrouter: Dropping incomplete OPEN candidate from -1002132062264/11595 for NEARUSDT
app-1  | 2026-09-19T12:44:19.182903069Z 2026-09-19 12:44:19,182 INFO cautious_crypto_bro.openrouter: No actionable intent for -1002132062264/11595: The post provides a clear entry range for a new NEARUSDT long position.
app-1  | 2026-09-19T12:46:49.503542474Z 2026-09-19 12:46:49,503 INFO telethon.client.downloads: Starting direct file download in chunks of 131072 at 0, stride 131072
app-1  | 2026-09-19T12:46:50.206906715Z 2026-09-19 12:46:50,206 INFO httpx: HTTP Request: GET https://api-demo.bybit.com/v5/market/time "HTTP/1.1 200 OK"
app-1  | 2026-09-19T12:46:50.207222821Z 2026-09-19 12:46:50,206 INFO cautious_crypto_bro.bybit: Bybit clock offset +24342 ms (RTT 589 ms)
app-1  | 2026-09-19T12:46:50.437750149Z 2026-09-19 12:46:50,437 INFO httpx: HTTP Request: GET https://api-demo.bybit.com/v5/position/list?category=linear&settleCoin=USDT&limit=200 "HTTP/1.1 200 OK"
app-1  | 2026-09-19T12:46:50.778026839Z 2026-09-19 12:46:50,777 INFO httpx: HTTP Request: GET https://api-demo.bybit.com/v5/position/list?category=linear&settleCoin=USDT&limit=200&cursor=XLMUSDT%252C1789804800173%252C0 "HTTP/1.1 200 OK"
app-1  | 2026-09-19T12:46:51.008378261Z 2026-09-19 12:46:51,008 INFO httpx: HTTP Request: GET https://api-demo.bybit.com/v5/order/realtime?category=linear&settleCoin=USDT&openOnly=0&limit=50 "HTTP/1.1 200 OK"
app-1  | 2026-09-19T12:46:51.237314866Z 2026-09-19 12:46:51,237 INFO httpx: HTTP Request: GET https://api-demo.bybit.com/v5/order/realtime?category=linear&settleCoin=USDT&openOnly=0&limit=50&cursor=4df1c29f-fa04-437c-8add-c2b5eefb741b%253A1789812286514%252C33134651-4d5b-4043-b54c-2a578f32b7a0%253A1789398492436 "HTTP/1.1 200 OK"
app-1  | 2026-09-19T12:46:52.466116556Z 2026-09-19 12:46:52,465 INFO httpx: HTTP Request: POST https://openrouter.ai/api/v1/chat/completions "HTTP/1.1 200 OK"
app-1  | 2026-09-19T12:46:53.204186538Z 2026-09-19 12:46:53,204 INFO cautious_crypto_bro.openrouter: OpenRouter inference for -1002243423111/8040 (1 image(s)) completed in 1.95s on attempt 1/3
app-1  | 2026-09-19T12:46:53.208915191Z 2026-09-19 12:46:53,208 INFO cautious_crypto_bro.openrouter: No actionable intent for -1002243423111/8040: The post contains only observations about market volatility and mentions looking for entry points, but provides no specific trade instructions, entry prices, or stop losses.
app-1  | 2026-09-19T13:00:14.581535743Z 2026-09-19 13:00:14,581 INFO httpx: HTTP Request: GET https://api-demo.bybit.com/v5/market/time "HTTP/1.1 200 OK"
app-1  | 2026-09-19T13:00:14.582545725Z 2026-09-19 13:00:14,581 INFO cautious_crypto_bro.bybit: Bybit clock offset +24860 ms (RTT 1615 ms)
app-1  | 2026-09-19T13:00:14.811949234Z 2026-09-19 13:00:14,811 INFO httpx: HTTP Request: GET https://api-demo.bybit.com/v5/position/list?category=linear&settleCoin=USDT&limit=200 "HTTP/1.1 200 OK"
app-1  | 2026-09-19T13:00:15.038875261Z 2026-09-19 13:00:15,038 INFO httpx: HTTP Request: GET https://api-demo.bybit.com/v5/position/list?category=linear&settleCoin=USDT&limit=200&cursor=XLMUSDT%252C1789804800173%252C0 "HTTP/1.1 200 OK"
app-1  | 2026-09-19T13:00:15.268664498Z 2026-09-19 13:00:15,268 INFO httpx: HTTP Request: GET https://api-demo.bybit.com/v5/order/realtime?category=linear&settleCoin=USDT&openOnly=0&limit=50 "HTTP/1.1 200 OK"
app-1  | 2026-09-19T13:00:15.502092848Z 2026-09-19 13:00:15,501 INFO httpx: HTTP Request: GET https://api-demo.bybit.com/v5/order/realtime?category=linear&settleCoin=USDT&openOnly=0&limit=50&cursor=4df1c29f-fa04-437c-8add-c2b5eefb741b%253A1789812286514%252C33134651-4d5b-4043-b54c-2a578f32b7a0%253A1789398492436 "HTTP/1.1 200 OK"
app-1  | 2026-09-19T13:00:17.186063034Z 2026-09-19 13:00:17,185 INFO httpx: HTTP Request: POST https://openrouter.ai/api/v1/chat/completions "HTTP/1.1 200 OK"
app-1  | 2026-09-19T13:00:19.578398131Z 2026-09-19 13:00:19,578 INFO cautious_crypto_bro.openrouter: OpenRouter inference for -1003965967125/2992 (0 image(s)) completed in 4.06s on attempt 1/3
app-1  | 2026-09-19T13:00:19.583469079Z 2026-09-19 13:00:19,583 INFO cautious_crypto_bro.openrouter: No actionable intent for -1003965967125/2992: The post contains only an observation about UNIUSDT price movement and does not provide any executable trade instructions or position actions.
app-1  | 2026-09-19T13:06:31.014524711Z 2026-09-19 13:06:31,014 INFO httpx: HTTP Request: GET https://api-demo.bybit.com/v5/market/time "HTTP/1.1 200 OK"
app-1  | 2026-09-19T13:06:31.014652035Z 2026-09-19 13:06:31,014 INFO cautious_crypto_bro.bybit: Bybit clock offset +24860 ms (RTT 1611 ms)
app-1  | 2026-09-19T13:06:31.242034036Z 2026-09-19 13:06:31,241 INFO httpx: HTTP Request: GET https://api-demo.bybit.com/v5/position/list?category=linear&settleCoin=USDT&limit=200 "HTTP/1.1 200 OK"
app-1  | 2026-09-19T13:06:31.482570419Z 2026-09-19 13:06:31,482 INFO httpx: HTTP Request: GET https://api-demo.bybit.com/v5/position/list?category=linear&settleCoin=USDT&limit=200&cursor=XLMUSDT%252C1789804800173%252C0 "HTTP/1.1 200 OK"
app-1  | 2026-09-19T13:06:31.707926419Z 2026-09-19 13:06:31,707 INFO httpx: HTTP Request: GET https://api-demo.bybit.com/v5/order/realtime?category=linear&settleCoin=USDT&openOnly=0&limit=50 "HTTP/1.1 200 OK"
app-1  | 2026-09-19T13:06:31.935720648Z 2026-09-19 13:06:31,935 INFO httpx: HTTP Request: GET https://api-demo.bybit.com/v5/order/realtime?category=linear&settleCoin=USDT&openOnly=0&limit=50&cursor=4df1c29f-fa04-437c-8add-c2b5eefb741b%253A1789812286514%252C33134651-4d5b-4043-b54c-2a578f32b7a0%253A1789398492436 "HTTP/1.1 200 OK"
app-1  | 2026-09-19T13:06:33.197138194Z 2026-09-19 13:06:33,196 INFO httpx: HTTP Request: POST https://openrouter.ai/api/v1/chat/completions "HTTP/1.1 200 OK"
app-1  | 2026-09-19T13:06:34.890403548Z 2026-09-19 13:06:34,890 INFO cautious_crypto_bro.openrouter: OpenRouter inference for -1001262962760/99550 (0 image(s)) completed in 2.94s on attempt 1/3
app-1  | 2026-09-19T13:06:34.895214276Z 2026-09-19 13:06:34,895 INFO cautious_crypto_bro.openrouter: No actionable intent for -1001262962760/99550: The post is an engagement question asking if followers want to trade today and does not contain any trade signals or position instructions.
app-1  | 2026-09-19T13:15:13.112489828Z 2026-09-19 13:15:13,112 INFO telethon.client.downloads: Starting direct file download in chunks of 131072 at 0, stride 131072
app-1  | 2026-09-19T13:15:13.955179795Z 2026-09-19 13:15:13,954 INFO httpx: HTTP Request: GET https://api-demo.bybit.com/v5/market/time "HTTP/1.1 200 OK"
app-1  | 2026-09-19T13:15:13.955414443Z 2026-09-19 13:15:13,955 INFO cautious_crypto_bro.bybit: Bybit clock offset +24420 ms (RTT 725 ms)
app-1  | 2026-09-19T13:15:14.182115096Z 2026-09-19 13:15:14,181 INFO httpx: HTTP Request: GET https://api-demo.bybit.com/v5/position/list?category=linear&settleCoin=USDT&limit=200 "HTTP/1.1 200 OK"
app-1  | 2026-09-19T13:15:14.410841668Z 2026-09-19 13:15:14,410 INFO httpx: HTTP Request: GET https://api-demo.bybit.com/v5/position/list?category=linear&settleCoin=USDT&limit=200&cursor=XLMUSDT%252C1789804800173%252C0 "HTTP/1.1 200 OK"
app-1  | 2026-09-19T13:15:14.654836652Z 2026-09-19 13:15:14,654 INFO httpx: HTTP Request: GET https://api-demo.bybit.com/v5/order/realtime?category=linear&settleCoin=USDT&openOnly=0&limit=50 "HTTP/1.1 200 OK"
app-1  | 2026-09-19T13:15:14.880545563Z 2026-09-19 13:15:14,880 INFO httpx: HTTP Request: GET https://api-demo.bybit.com/v5/order/realtime?category=linear&settleCoin=USDT&openOnly=0&limit=50&cursor=4df1c29f-fa04-437c-8add-c2b5eefb741b%253A1789812286514%252C33134651-4d5b-4043-b54c-2a578f32b7a0%253A1789398492436 "HTTP/1.1 200 OK"
app-1  | 2026-09-19T13:15:17.889626731Z 2026-09-19 13:15:17,889 INFO httpx: HTTP Request: POST https://openrouter.ai/api/v1/chat/completions "HTTP/1.1 200 OK"
app-1  | 2026-09-19T13:15:59.892950471Z 2026-09-19 13:15:59,892 WARNING cautious_crypto_bro.openrouter: OpenRouter attempt 1/3 failed for -1002132062264/11596: OpenRouter inference exceeded 45s (45.0s); retrying
app-1  | 2026-09-19T13:16:02.068441554Z 2026-09-19 13:16:02,068 INFO httpx: HTTP Request: POST https://openrouter.ai/api/v1/chat/completions "HTTP/1.1 200 OK"
app-1  | 2026-09-19T13:16:32.166886628Z 2026-09-19 13:16:32,166 WARNING cautious_crypto_bro.openrouter: Invalid OpenRouter structured output for -1002132062264/11596 on attempt 2/3: 3 validation errors for IntentExtraction
app-1  | 2026-09-19T13:16:32.166939880Z intents.0.confidence
app-1  | 2026-09-19T13:16:32.166944729Z   Field required [type=missing, input_value={'symbol': 'AAVEUSDT', 's...ction at 138.53 level.'}, input_type=dict]
app-1  | 2026-09-19T13:16:32.166948968Z     For further information visit https://errors.pydantic.dev/2.13/v/missing
app-1  | 2026-09-19T13:16:32.166952895Z intents.1.confidence
app-1  | 2026-09-19T13:16:32.166956803Z   Field required [type=missing, input_value={'symbol': 'AAVEUSDT', 's...on AAVEUSDT at 135.02.'}, input_type=dict]
app-1  | 2026-09-19T13:16:32.166960730Z     For further information visit https://errors.pydantic.dev/2.13/v/missing
app-1  | 2026-09-19T13:16:32.166964638Z intents.2.confidence
app-1  | 2026-09-19T13:16:32.166968475Z   Field required [type=missing, input_value={'symbol': 'AAVEUSDT', 's...on AAVEUSDT at 128.54.'}, input_type=dict]
app-1  | 2026-09-19T13:16:32.166972463Z     For further information visit https://errors.pydantic.dev/2.13/v/missing
app-1  | 2026-09-19T13:16:32.166976380Z 2026-09-19 13:16:32,166 WARNING cautious_crypto_bro.openrouter: OpenRouter attempt 2/3 failed for -1002132062264/11596: OpenRouter returned invalid structured output; retrying
app-1  | 2026-09-19T13:16:38.469895231Z 2026-09-19 13:16:38,469 INFO httpx: HTTP Request: POST https://openrouter.ai/api/v1/chat/completions "HTTP/1.1 200 OK"
app-1  | 2026-09-19T13:16:40.495876558Z 2026-09-19 13:16:40,495 INFO cautious_crypto_bro.openrouter: OpenRouter inference for -1002132062264/11596 (1 image(s)) completed in 7.33s on attempt 3/3
app-1  | 2026-09-19T13:16:40.497014784Z 2026-09-19 13:16:40,496 WARNING cautious_crypto_bro.openrouter: Dropping incomplete OPEN candidate from -1002132062264/11596 for AAVEUSDT
app-1  | 2026-09-19T13:16:40.497040573Z 2026-09-19 13:16:40,496 INFO cautious_crypto_bro.openrouter: No actionable intent for -1002132062264/11596: The trader specifies two limit entry levels (135.02 and 128.54) for AAVE. The first level (138.53) is noted as a reaction-based entry, which is ambiguous for automated execution without a specific trigger price, so only the explicit limit levels are extracted. No stop loss is provided in the text or image.
app-1  | 2026-09-19T13:20:05.235181889Z 2026-09-19 13:20:05,234 INFO telethon.client.updates: Got difference for channel 3965967125 updates
app-1  | 2026-09-19T13:27:13.862023123Z 2026-09-19 13:27:13,861 INFO httpx: HTTP Request: GET https://api-demo.bybit.com/v5/market/time "HTTP/1.1 200 OK"
app-1  | 2026-09-19T13:27:13.862121651Z 2026-09-19 13:27:13,862 INFO cautious_crypto_bro.bybit: Bybit clock offset +24379 ms (RTT 630 ms)
app-1  | 2026-09-19T13:27:14.095209190Z 2026-09-19 13:27:14,095 INFO httpx: HTTP Request: GET https://api-demo.bybit.com/v5/position/list?category=linear&settleCoin=USDT&limit=200 "HTTP/1.1 200 OK"
app-1  | 2026-09-19T13:27:14.316200528Z 2026-09-19 13:27:14,315 INFO httpx: HTTP Request: GET https://api-demo.bybit.com/v5/position/list?category=linear&settleCoin=USDT&limit=200&cursor=XLMUSDT%252C1789804800173%252C0 "HTTP/1.1 200 OK"
app-1  | 2026-09-19T13:27:14.539420699Z 2026-09-19 13:27:14,539 INFO httpx: HTTP Request: GET https://api-demo.bybit.com/v5/order/realtime?category=linear&settleCoin=USDT&openOnly=0&limit=50 "HTTP/1.1 200 OK"
app-1  | 2026-09-19T13:27:14.761860040Z 2026-09-19 13:27:14,761 INFO httpx: HTTP Request: GET https://api-demo.bybit.com/v5/order/realtime?category=linear&settleCoin=USDT&openOnly=0&limit=50&cursor=4df1c29f-fa04-437c-8add-c2b5eefb741b%253A1789812286514%252C33134651-4d5b-4043-b54c-2a578f32b7a0%253A1789398492436 "HTTP/1.1 200 OK"
app-1  | 2026-09-19T13:27:15.960028802Z 2026-09-19 13:27:15,959 INFO httpx: HTTP Request: POST https://openrouter.ai/api/v1/chat/completions "HTTP/1.1 200 OK"
app-1  | 2026-09-19T13:27:22.901600911Z 2026-09-19 13:27:22,901 INFO cautious_crypto_bro.openrouter: OpenRouter inference for -1002243423111/8041 (0 image(s)) completed in 8.11s on attempt 1/3
app-1  | 2026-09-19T13:27:22.909301392Z 2026-09-19 13:27:22,909 INFO cautious_crypto_bro.openrouter: No actionable intent for -1002243423111/8041: The post is a giveaway announcement and contains no trading signals or position instructions.
app-1  | 2026-09-19T13:32:14.936542700Z 2026-09-19 13:32:14,936 INFO httpx: HTTP Request: GET https://api-demo.bybit.com/v5/position/list?category=linear&settleCoin=USDT&limit=200 "HTTP/1.1 200 OK"
app-1  | 2026-09-19T13:32:15.157553999Z 2026-09-19 13:32:15,157 INFO httpx: HTTP Request: GET https://api-demo.bybit.com/v5/market/time "HTTP/1.1 200 OK"
app-1  | 2026-09-19T13:32:15.157664310Z 2026-09-19 13:32:15,157 INFO cautious_crypto_bro.bybit: Bybit clock offset +24174 ms (RTT 221 ms)
app-1  | 2026-09-19T13:32:15.386182874Z 2026-09-19 13:32:15,385 INFO httpx: HTTP Request: GET https://api-demo.bybit.com/v5/position/list?category=linear&settleCoin=USDT&limit=200&cursor=XLMUSDT%252C1789804800173%252C0 "HTTP/1.1 200 OK"
app-1  | 2026-09-19T13:32:15.612911881Z 2026-09-19 13:32:15,612 INFO httpx: HTTP Request: GET https://api-demo.bybit.com/v5/order/realtime?category=linear&settleCoin=USDT&openOnly=0&limit=50 "HTTP/1.1 200 OK"
app-1  | 2026-09-19T13:32:15.843313653Z 2026-09-19 13:32:15,843 INFO httpx: HTTP Request: GET https://api-demo.bybit.com/v5/order/realtime?category=linear&settleCoin=USDT&openOnly=0&limit=50&cursor=4df1c29f-fa04-437c-8add-c2b5eefb741b%253A1789812286514%252C33134651-4d5b-4043-b54c-2a578f32b7a0%253A1789398492436 "HTTP/1.1 200 OK"
app-1  | 2026-09-19T13:32:16.820758040Z 2026-09-19 13:32:16,820 INFO httpx: HTTP Request: POST https://openrouter.ai/api/v1/chat/completions "HTTP/1.1 200 OK"
app-1  | 2026-09-19T13:32:21.395390192Z 2026-09-19 13:32:21,394 INFO cautious_crypto_bro.openrouter: OpenRouter inference for -1002243423111/8042 (0 image(s)) completed in 5.53s on attempt 1/3
app-1  | 2026-09-19T13:32:21.402138808Z 2026-09-19 13:32:21,399 INFO cautious_crypto_bro.openrouter: No actionable intent for -1002243423111/8042: The post contains only promotional text regarding a giveaway and no trading signals or position instructions.
app-1  | 2026-09-19T13:35:04.708641382Z 2026-09-19 13:35:04,708 INFO telethon.client.updates: Got difference for account updates
app-1  | 2026-09-19T14:19:13.798107066Z 2026-09-19 14:19:13,797 INFO telethon.client.downloads: Starting direct file download in chunks of 131072 at 0, stride 131072
app-1  | 2026-09-19T14:19:14.730315220Z 2026-09-19 14:19:14,730 INFO httpx: HTTP Request: GET https://api-demo.bybit.com/v5/market/time "HTTP/1.1 200 OK"
app-1  | 2026-09-19T14:19:14.730498630Z 2026-09-19 14:19:14,730 INFO cautious_crypto_bro.bybit: Bybit clock offset +24476 ms (RTT 796 ms)
app-1  | 2026-09-19T14:19:14.958164385Z 2026-09-19 14:19:14,957 INFO httpx: HTTP Request: GET https://api-demo.bybit.com/v5/position/list?category=linear&settleCoin=USDT&limit=200 "HTTP/1.1 200 OK"
app-1  | 2026-09-19T14:19:15.185415003Z 2026-09-19 14:19:15,185 INFO httpx: HTTP Request: GET https://api-demo.bybit.com/v5/position/list?category=linear&settleCoin=USDT&limit=200&cursor=XLMUSDT%252C1789804800173%252C0 "HTTP/1.1 200 OK"
app-1  | 2026-09-19T14:19:15.412907385Z 2026-09-19 14:19:15,412 INFO httpx: HTTP Request: GET https://api-demo.bybit.com/v5/order/realtime?category=linear&settleCoin=USDT&openOnly=0&limit=50 "HTTP/1.1 200 OK"
app-1  | 2026-09-19T14:19:15.638486589Z 2026-09-19 14:19:15,638 INFO httpx: HTTP Request: GET https://api-demo.bybit.com/v5/order/realtime?category=linear&settleCoin=USDT&openOnly=0&limit=50&cursor=aa2586b8-d929-4f2e-821d-e16ce9803060%253A1789826707131%252C33134651-4d5b-4043-b54c-2a578f32b7a0%253A1789398492436 "HTTP/1.1 200 OK"
app-1  | 2026-09-19T14:19:18.206510051Z 2026-09-19 14:19:18,206 INFO httpx: HTTP Request: POST https://openrouter.ai/api/v1/chat/completions "HTTP/1.1 200 OK"
app-1  | 2026-09-19T14:19:22.503963247Z 2026-09-19 14:19:22,503 INFO cautious_crypto_bro.openrouter: OpenRouter inference for -1001262962760/99551 (1 image(s)) completed in 6.85s on attempt 1/3
app-1  | 2026-09-19T14:19:22.508900619Z 2026-09-19 14:19:22,508 WARNING cautious_crypto_bro.openrouter: Dropping incomplete OPEN candidate from -1001262962760/99551 for OPUSDT
app-1  | 2026-09-19T14:19:22.508939984Z 2026-09-19 14:19:22,508 INFO cautious_crypto_bro.openrouter: No actionable intent for -1001262962760/99551: The trader explicitly states they opened a SHORT position on OP/USDT and provides an exchange screenshot showing the position is already live.
app-1  | 2026-09-19T14:35:04.924772176Z 2026-09-19 14:35:04,924 INFO telethon.client.updates: Got difference for account updates
app-1  | 2026-09-19T14:35:04.924966397Z 2026-09-19 14:35:04,924 INFO telethon.client.downloads: Starting direct file download in chunks of 131072 at 0, stride 131072
app-1  | 2026-09-19T14:35:05.700011775Z 2026-09-19 14:35:05,699 INFO httpx: HTTP Request: GET https://api-demo.bybit.com/v5/market/time "HTTP/1.1 200 OK"
app-1  | 2026-09-19T14:35:05.700149038Z 2026-09-19 14:35:05,700 INFO cautious_crypto_bro.bybit: Bybit clock offset +24407 ms (RTT 648 ms)
app-1  | 2026-09-19T14:35:05.932066877Z 2026-09-19 14:35:05,931 INFO httpx: HTTP Request: GET https://api-demo.bybit.com/v5/position/list?category=linear&settleCoin=USDT&limit=200 "HTTP/1.1 200 OK"
app-1  | 2026-09-19T14:35:06.162175219Z 2026-09-19 14:35:06,161 INFO httpx: HTTP Request: GET https://api-demo.bybit.com/v5/position/list?category=linear&settleCoin=USDT&limit=200&cursor=XLMUSDT%252C1789804800173%252C0 "HTTP/1.1 200 OK"
app-1  | 2026-09-19T14:35:06.398751237Z 2026-09-19 14:35:06,398 INFO httpx: HTTP Request: GET https://api-demo.bybit.com/v5/order/realtime?category=linear&settleCoin=USDT&openOnly=0&limit=50 "HTTP/1.1 200 OK"
app-1  | 2026-09-19T14:35:06.626854105Z 2026-09-19 14:35:06,626 INFO httpx: HTTP Request: GET https://api-demo.bybit.com/v5/order/realtime?category=linear&settleCoin=USDT&openOnly=0&limit=50&cursor=aa2586b8-d929-4f2e-821d-e16ce9803060%253A1789826707131%252C33134651-4d5b-4043-b54c-2a578f32b7a0%253A1789398492436 "HTTP/1.1 200 OK"
app-1  | 2026-09-19T14:35:08.914898693Z 2026-09-19 14:35:08,914 INFO httpx: HTTP Request: POST https://openrouter.ai/api/v1/chat/completions "HTTP/1.1 200 OK"
app-1  | 2026-09-19T14:35:27.228662370Z 2026-09-19 14:35:27,228 WARNING cautious_crypto_bro.openrouter: Invalid OpenRouter structured output for -1001262962760/99552 on attempt 1/3: 2 validation errors for IntentExtraction
app-1  | 2026-09-19T14:35:27.228716213Z intents.0.confidence
app-1  | 2026-09-19T14:35:27.228721312Z   Field required [type=missing, input_value={'symbol': 'OPUSDT', 'sid...sition showing profit.'}, input_type=dict]
app-1  | 2026-09-19T14:35:27.228725470Z     For further information visit https://errors.pydantic.dev/2.13/v/missing
app-1  | 2026-09-19T14:35:27.228729548Z position_actions.0.confidence
app-1  | 2026-09-19T14:35:27.228733476Z   Field required [type=missing, input_value={'symbol': 'OPUSDT', 'sid...sition to take profit.'}, input_type=dict]
app-1  | 2026-09-19T14:35:27.228737433Z     For further information visit https://errors.pydantic.dev/2.13/v/missing
app-1  | 2026-09-19T14:35:27.228741341Z 2026-09-19 14:35:27,228 WARNING cautious_crypto_bro.openrouter: OpenRouter attempt 1/3 failed for -1001262962760/99552: OpenRouter returned invalid structured output; retrying
app-1  | 2026-09-19T14:35:34.562517827Z 2026-09-19 14:35:34,562 INFO httpx: HTTP Request: POST https://openrouter.ai/api/v1/chat/completions "HTTP/1.1 200 OK"
app-1  | 2026-09-19T14:35:39.133670844Z 2026-09-19 14:35:39,133 INFO cautious_crypto_bro.openrouter: OpenRouter inference for -1001262962760/99552 (1 image(s)) completed in 11.40s on attempt 2/3
app-1  | 2026-09-19T14:35:39.138585113Z 2026-09-19 14:35:39,138 WARNING cautious_crypto_bro.openrouter: Dropping incomplete OPEN candidate from -1001262962760/99552 for OPUSDT
app-1  | 2026-09-19T14:35:39.138792449Z 2026-09-19 14:35:39,138 WARNING cautious_crypto_bro.openrouter: Dropping REDUCE position action for OPUSDT from -1001262962760/99552: no deterministic REDUCE instruction in current post text/caption
app-1  | 2026-09-19T14:35:39.138800585Z 2026-09-19 14:35:39,138 INFO cautious_crypto_bro.openrouter: No actionable intent for -1001262962760/99552: The post shows an open SHORT position on OPUSDT in the screenshot (MARKET entry) and the text explicitly advises to 'фиксировать часть профита' (fix part of the profit), which is a REDUCE action. Since OPUSDT is not in the source_open_history, the position is treated as NEW/MARKET based on the screenshot evidence.
app-1  | 2026-09-19T14:52:14.117214926Z 2026-09-19 14:52:14,117 INFO telethon.client.downloads: Starting direct file download in chunks of 131072 at 0, stride 131072
app-1  | 2026-09-19T14:52:16.008618567Z 2026-09-19 14:52:16,008 INFO httpx: HTTP Request: GET https://api-demo.bybit.com/v5/market/time "HTTP/1.1 200 OK"
app-1  | 2026-09-19T14:52:16.008733024Z 2026-09-19 14:52:16,008 INFO cautious_crypto_bro.bybit: Bybit clock offset +24968 ms (RTT 1751 ms)
app-1  | 2026-09-19T14:52:16.235308294Z 2026-09-19 14:52:16,235 INFO httpx: HTTP Request: GET https://api-demo.bybit.com/v5/position/list?category=linear&settleCoin=USDT&limit=200 "HTTP/1.1 200 OK"
app-1  | 2026-09-19T14:52:16.460749920Z 2026-09-19 14:52:16,460 INFO httpx: HTTP Request: GET https://api-demo.bybit.com/v5/position/list?category=linear&settleCoin=USDT&limit=200&cursor=XLMUSDT%252C1789804800173%252C0 "HTTP/1.1 200 OK"
app-1  | 2026-09-19T14:52:16.839236636Z 2026-09-19 14:52:16,839 INFO httpx: HTTP Request: GET https://api-demo.bybit.com/v5/order/realtime?category=linear&settleCoin=USDT&openOnly=0&limit=50 "HTTP/1.1 200 OK"
app-1  | 2026-09-19T14:52:17.063609383Z 2026-09-19 14:52:17,063 INFO httpx: HTTP Request: GET https://api-demo.bybit.com/v5/order/realtime?category=linear&settleCoin=USDT&openOnly=0&limit=50&cursor=aa2586b8-d929-4f2e-821d-e16ce9803060%253A1789826707131%252C33134651-4d5b-4043-b54c-2a578f32b7a0%253A1789398492436 "HTTP/1.1 200 OK"
app-1  | 2026-09-19T14:52:19.893656861Z 2026-09-19 14:52:19,893 INFO httpx: HTTP Request: POST https://openrouter.ai/api/v1/chat/completions "HTTP/1.1 200 OK"
app-1  | 2026-09-19T14:52:21.382047382Z 2026-09-19 14:52:21,381 INFO cautious_crypto_bro.openrouter: OpenRouter inference for -1003965967125/2993 (1 image(s)) completed in 4.31s on attempt 1/3
app-1  | 2026-09-19T14:52:21.386821446Z 2026-09-19 14:52:21,386 INFO cautious_crypto_bro.openrouter: No actionable intent for -1003965967125/2993: The post provides market commentary and a conditional observation about Bitcoin dominance, but does not contain any executable trade signals or instructions for existing positions.
app-1  | 2026-09-19T15:05:05.125538384Z 2026-09-19 15:05:05,125 INFO telethon.client.updates: Got difference for channel 2243423111 updates
app-1  | 2026-09-19T15:05:05.125735321Z 2026-09-19 15:05:05,125 INFO cautious_crypto_bro.telegram_source: Ignoring Telegram message group starting at 8043: no text or supported images
app-1  | 2026-09-19T15:10:14.956858435Z 2026-09-19 15:10:14,956 INFO httpx: HTTP Request: GET https://api-demo.bybit.com/v5/market/time "HTTP/1.1 200 OK"
app-1  | 2026-09-19T15:10:14.957033168Z 2026-09-19 15:10:14,956 INFO cautious_crypto_bro.bybit: Bybit clock offset +24412 ms (RTT 635 ms)
app-1  | 2026-09-19T15:10:15.185832172Z 2026-09-19 15:10:15,185 INFO httpx: HTTP Request: GET https://api-demo.bybit.com/v5/position/list?category=linear&settleCoin=USDT&limit=200 "HTTP/1.1 200 OK"
app-1  | 2026-09-19T15:10:15.421124582Z 2026-09-19 15:10:15,420 INFO httpx: HTTP Request: GET https://api-demo.bybit.com/v5/position/list?category=linear&settleCoin=USDT&limit=200&cursor=XLMUSDT%252C1789804800173%252C0 "HTTP/1.1 200 OK"
app-1  | 2026-09-19T15:10:15.649638412Z 2026-09-19 15:10:15,649 INFO httpx: HTTP Request: GET https://api-demo.bybit.com/v5/order/realtime?category=linear&settleCoin=USDT&openOnly=0&limit=50 "HTTP/1.1 200 OK"
app-1  | 2026-09-19T15:10:15.875979131Z 2026-09-19 15:10:15,875 INFO httpx: HTTP Request: GET https://api-demo.bybit.com/v5/order/realtime?category=linear&settleCoin=USDT&openOnly=0&limit=50&cursor=aa2586b8-d929-4f2e-821d-e16ce9803060%253A1789826707131%252C33134651-4d5b-4043-b54c-2a578f32b7a0%253A1789398492436 "HTTP/1.1 200 OK"
app-1  | 2026-09-19T15:10:17.900059934Z 2026-09-19 15:10:17,899 INFO httpx: HTTP Request: POST https://openrouter.ai/api/v1/chat/completions "HTTP/1.1 200 OK"
app-1  | 2026-09-19T15:10:22.190735897Z 2026-09-19 15:10:22,190 INFO cautious_crypto_bro.openrouter: OpenRouter inference for -1002243423111/8044 (0 image(s)) completed in 6.29s on attempt 1/3
app-1  | 2026-09-19T15:10:22.195520567Z 2026-09-19 15:10:22,195 INFO cautious_crypto_bro.openrouter: No actionable intent for -1002243423111/8044: The post contains only promotional text regarding personal trading spots and does not contain any new trade signals or instructions for existing positions.
app-1  | 2026-09-19T16:05:05.218635337Z 2026-09-19 16:05:05,218 INFO telethon.client.updates: Got difference for account updates
app-1  | 2026-09-19T16:05:05.720596559Z 2026-09-19 16:05:05,720 INFO telethon.client.downloads: Starting direct file download in chunks of 131072 at 0, stride 131072
app-1  | 2026-09-19T16:05:05.841499679Z 2026-09-19 16:05:05,841 INFO telethon.client.downloads: Starting direct file download in chunks of 131072 at 0, stride 131072
app-1  | 2026-09-19T16:05:06.727146189Z 2026-09-19 16:05:06,726 INFO httpx: HTTP Request: GET https://api-demo.bybit.com/v5/market/time "HTTP/1.1 200 OK"
app-1  | 2026-09-19T16:05:06.727254627Z 2026-09-19 16:05:06,727 INFO cautious_crypto_bro.bybit: Bybit clock offset +24482 ms (RTT 743 ms)
app-1  | 2026-09-19T16:05:06.955581759Z 2026-09-19 16:05:06,955 INFO httpx: HTTP Request: GET https://api-demo.bybit.com/v5/position/list?category=linear&settleCoin=USDT&limit=200 "HTTP/1.1 200 OK"
app-1  | 2026-09-19T16:05:07.181645696Z 2026-09-19 16:05:07,181 INFO httpx: HTTP Request: GET https://api-demo.bybit.com/v5/position/list?category=linear&settleCoin=USDT&limit=200&cursor=BTCUSDT%252C1789833600089%252C0 "HTTP/1.1 200 OK"
app-1  | 2026-09-19T16:05:07.567091780Z 2026-09-19 16:05:07,566 INFO httpx: HTTP Request: GET https://api-demo.bybit.com/v5/order/realtime?category=linear&settleCoin=USDT&openOnly=0&limit=50 "HTTP/1.1 200 OK"
app-1  | 2026-09-19T16:05:07.794098445Z 2026-09-19 16:05:07,793 INFO httpx: HTTP Request: GET https://api-demo.bybit.com/v5/order/realtime?category=linear&settleCoin=USDT&openOnly=0&limit=50&cursor=aa2586b8-d929-4f2e-821d-e16ce9803060%253A1789826707131%252C33134651-4d5b-4043-b54c-2a578f32b7a0%253A1789398492436 "HTTP/1.1 200 OK"
app-1  | 2026-09-19T16:05:10.896059273Z 2026-09-19 16:05:10,895 INFO httpx: HTTP Request: POST https://openrouter.ai/api/v1/chat/completions "HTTP/1.1 200 OK"
app-1  | 2026-09-19T16:05:12.785864242Z 2026-09-19 16:05:12,785 INFO cautious_crypto_bro.openrouter: OpenRouter inference for -1002243423111/8045 (2 image(s)) completed in 4.98s on attempt 1/3
app-1  | 2026-09-19T16:05:12.790872574Z 2026-09-19 16:05:12,790 INFO cautious_crypto_bro.openrouter: No actionable intent for -1002243423111/8045: The post contains only market observations and shared charts regarding potential bullish momentum for BTC, without explicit trade instructions (entry, stop loss, or direction) for a new or existing position.
app-1  | 2026-09-19T16:08:53.193985865Z 2026-09-19 16:08:53,193 INFO telethon.client.downloads: Starting direct file download in chunks of 131072 at 0, stride 131072
app-1  | 2026-09-19T16:08:54.049281485Z 2026-09-19 16:08:54,049 INFO httpx: HTTP Request: GET https://api-demo.bybit.com/v5/position/list?category=linear&settleCoin=USDT&limit=200 "HTTP/1.1 200 OK"
app-1  | 2026-09-19T16:08:54.310656951Z 2026-09-19 16:08:54,310 INFO httpx: HTTP Request: GET https://api-demo.bybit.com/v5/position/list?category=linear&settleCoin=USDT&limit=200&cursor=BTCUSDT%252C1789833600089%252C0 "HTTP/1.1 200 OK"
app-1  | 2026-09-19T16:08:54.570063045Z 2026-09-19 16:08:54,569 INFO httpx: HTTP Request: GET https://api-demo.bybit.com/v5/order/realtime?category=linear&settleCoin=USDT&openOnly=0&limit=50 "HTTP/1.1 200 OK"
app-1  | 2026-09-19T16:08:54.831276760Z 2026-09-19 16:08:54,831 INFO httpx: HTTP Request: GET https://api-demo.bybit.com/v5/order/realtime?category=linear&settleCoin=USDT&openOnly=0&limit=50&cursor=aa2586b8-d929-4f2e-821d-e16ce9803060%253A1789826707131%252C33134651-4d5b-4043-b54c-2a578f32b7a0%253A1789398492436 "HTTP/1.1 200 OK"
app-1  | 2026-09-19T16:08:57.443252389Z 2026-09-19 16:08:57,443 INFO httpx: HTTP Request: POST https://openrouter.ai/api/v1/chat/completions "HTTP/1.1 200 OK"
app-1  | 2026-09-19T16:08:59.133261589Z 2026-09-19 16:08:59,133 INFO cautious_crypto_bro.openrouter: OpenRouter inference for -1001262962760/99553 (1 image(s)) completed in 4.29s on attempt 1/3
app-1  | 2026-09-19T16:08:59.134455819Z 2026-09-19 16:08:59,134 INFO cautious_crypto_bro.openrouter: No actionable intent for -1001262962760/99553: The post contains only market observations and potential scenarios (if/then) without explicit trade instructions or entry/stop-loss parameters.
app-1  | 2026-09-19T16:19:15.072285710Z 2026-09-19 16:19:15,072 INFO telethon.client.downloads: Starting direct file download in chunks of 131072 at 0, stride 131072
app-1  | 2026-09-19T16:19:16.884788628Z 2026-09-19 16:19:16,884 INFO httpx: HTTP Request: GET https://api-demo.bybit.com/v5/market/time "HTTP/1.1 200 OK"
app-1  | 2026-09-19T16:19:16.884991859Z 2026-09-19 16:19:16,884 INFO cautious_crypto_bro.bybit: Bybit clock offset +24937 ms (RTT 1668 ms)
app-1  | 2026-09-19T16:19:17.140425485Z 2026-09-19 16:19:17,140 INFO httpx: HTTP Request: GET https://api-demo.bybit.com/v5/position/list?category=linear&settleCoin=USDT&limit=200 "HTTP/1.1 200 OK"
app-1  | 2026-09-19T16:19:17.394524288Z 2026-09-19 16:19:17,394 INFO httpx: HTTP Request: GET https://api-demo.bybit.com/v5/position/list?category=linear&settleCoin=USDT&limit=200&cursor=BTCUSDT%252C1789833600089%252C0 "HTTP/1.1 200 OK"
app-1  | 2026-09-19T16:19:17.648012868Z 2026-09-19 16:19:17,647 INFO httpx: HTTP Request: GET https://api-demo.bybit.com/v5/order/realtime?category=linear&settleCoin=USDT&openOnly=0&limit=50 "HTTP/1.1 200 OK"
app-1  | 2026-09-19T16:19:17.904105942Z 2026-09-19 16:19:17,903 INFO httpx: HTTP Request: GET https://api-demo.bybit.com/v5/order/realtime?category=linear&settleCoin=USDT&openOnly=0&limit=50&cursor=aa2586b8-d929-4f2e-821d-e16ce9803060%253A1789826707131%252C33134651-4d5b-4043-b54c-2a578f32b7a0%253A1789398492436 "HTTP/1.1 200 OK"
app-1  | 2026-09-19T16:19:20.234374631Z 2026-09-19 16:19:20,234 INFO httpx: HTTP Request: POST https://openrouter.ai/api/v1/chat/completions "HTTP/1.1 200 OK"
app-1  | 2026-09-19T16:19:29.528815415Z 2026-09-19 16:19:29,528 INFO cautious_crypto_bro.openrouter: OpenRouter inference for -1002243423111/8047 (1 image(s)) completed in 11.61s on attempt 1/3
app-1  | 2026-09-19T16:19:29.533931172Z 2026-09-19 16:19:29,533 WARNING cautious_crypto_bro.openrouter: Dropping incomplete OPEN candidate from -1002243423111/8047 for HYPEUSDT
app-1  | 2026-09-19T16:19:29.533967772Z 2026-09-19 16:19:29,533 INFO cautious_crypto_bro.openrouter: Ignoring UPDATE_EXISTING candidate from -1002243423111/8047 for BEATUSDT
app-1  | 2026-09-19T16:19:29.533972862Z 2026-09-19 16:19:29,533 INFO cautious_crypto_bro.openrouter: No actionable intent for -1002243423111/8047: The post contains a new trade proposal for HYPEUSDT and an update on the existing BEATUSDT position.
app-1  | 2026-09-19T16:44:15.350346269Z 2026-09-19 16:44:15,350 INFO telethon.client.downloads: Starting direct file download in chunks of 131072 at 0, stride 131072
app-1  | 2026-09-19T16:44:16.294704531Z 2026-09-19 16:44:16,294 INFO httpx: HTTP Request: GET https://api-demo.bybit.com/v5/market/time "HTTP/1.1 200 OK"
app-1  | 2026-09-19T16:44:16.294856051Z 2026-09-19 16:44:16,294 INFO cautious_crypto_bro.bybit: Bybit clock offset +24513 ms (RTT 810 ms)
app-1  | 2026-09-19T16:44:16.564320063Z 2026-09-19 16:44:16,564 INFO httpx: HTTP Request: GET https://api-demo.bybit.com/v5/position/list?category=linear&settleCoin=USDT&limit=200 "HTTP/1.1 200 OK"
app-1  | 2026-09-19T16:44:16.831420912Z 2026-09-19 16:44:16,831 INFO httpx: HTTP Request: GET https://api-demo.bybit.com/v5/position/list?category=linear&settleCoin=USDT&limit=200&cursor=BTCUSDT%252C1789833600089%252C0 "HTTP/1.1 200 OK"
app-1  | 2026-09-19T16:44:17.090618025Z 2026-09-19 16:44:17,090 INFO httpx: HTTP Request: GET https://api-demo.bybit.com/v5/order/realtime?category=linear&settleCoin=USDT&openOnly=0&limit=50 "HTTP/1.1 200 OK"
app-1  | 2026-09-19T16:44:17.352832999Z 2026-09-19 16:44:17,352 INFO httpx: HTTP Request: GET https://api-demo.bybit.com/v5/order/realtime?category=linear&settleCoin=USDT&openOnly=0&limit=50&cursor=aa2586b8-d929-4f2e-821d-e16ce9803060%253A1789826707131%252C33134651-4d5b-4043-b54c-2a578f32b7a0%253A1789398492436 "HTTP/1.1 200 OK"
app-1  | 2026-09-19T16:44:20.627274868Z 2026-09-19 16:44:20,627 INFO httpx: HTTP Request: POST https://openrouter.ai/api/v1/chat/completions "HTTP/1.1 200 OK"
app-1  | 2026-09-19T16:44:24.571062651Z 2026-09-19 16:44:24,570 INFO cautious_crypto_bro.openrouter: OpenRouter inference for -1001262962760/99554 (1 image(s)) completed in 7.21s on attempt 1/3
app-1  | 2026-09-19T16:44:24.576689580Z 2026-09-19 16:44:24,576 WARNING cautious_crypto_bro.service: Position action CLOSE OPUSDT remains MANUAL because live position count is 0
app-1  | 2026-09-19T16:44:26.069176752Z 2026-09-19 16:44:26,068 INFO httpx: HTTP Request: GET https://api-demo.bybit.com/v5/position/closed-pnl?category=linear&startTime=1789729880359&endTime=1789836264576&limit=100 "HTTP/1.1 200 OK"
app-1  | 2026-09-19T16:44:26.331658753Z 2026-09-19 16:44:26,331 INFO httpx: HTTP Request: GET https://api-demo.bybit.com/v5/position/closed-pnl?category=linear&startTime=1789729880359&endTime=1789836264576&limit=100&cursor=a43ce279-70f0-438b-94b7-02c3aa52d18a%253A1789816306791783463%252Ca43ce279-70f0-438b-94b7-02c3aa52d18a%253A1789816306791783463 "HTTP/1.1 200 OK"
app-1  | 2026-09-19T16:48:15.394849277Z 2026-09-19 16:48:15,394 INFO cautious_crypto_bro.telegram_source: Ignoring Telegram message group starting at 8048: no text or supported images
app-1  | 2026-09-19T16:50:05.443860394Z 2026-09-19 16:50:05,443 INFO telethon.client.updates: Got difference for channel 1644656268 updates
app-1  | 2026-09-19T16:58:17.167294803Z 2026-09-19 16:58:17,167 INFO httpx: HTTP Request: GET https://api-demo.bybit.com/v5/market/time "HTTP/1.1 200 OK"
app-1  | 2026-09-19T16:58:17.167414321Z 2026-09-19 16:58:17,167 INFO cautious_crypto_bro.bybit: Bybit clock offset +24954 ms (RTT 1643 ms)
app-1  | 2026-09-19T16:58:17.389284913Z 2026-09-19 16:58:17,389 INFO httpx: HTTP Request: GET https://api-demo.bybit.com/v5/position/list?category=linear&settleCoin=USDT&limit=200 "HTTP/1.1 200 OK"
app-1  | 2026-09-19T16:58:17.611015486Z 2026-09-19 16:58:17,610 INFO httpx: HTTP Request: GET https://api-demo.bybit.com/v5/position/list?category=linear&settleCoin=USDT&limit=200&cursor=BTCUSDT%252C1789833600089%252C0 "HTTP/1.1 200 OK"
app-1  | 2026-09-19T16:58:17.832121787Z 2026-09-19 16:58:17,831 INFO httpx: HTTP Request: GET https://api-demo.bybit.com/v5/order/realtime?category=linear&settleCoin=USDT&openOnly=0&limit=50 "HTTP/1.1 200 OK"
app-1  | 2026-09-19T16:58:18.056088856Z 2026-09-19 16:58:18,055 INFO httpx: HTTP Request: GET https://api-demo.bybit.com/v5/order/realtime?category=linear&settleCoin=USDT&openOnly=0&limit=50&cursor=aa2586b8-d929-4f2e-821d-e16ce9803060%253A1789826707131%252C33134651-4d5b-4043-b54c-2a578f32b7a0%253A1789398492436 "HTTP/1.1 200 OK"
app-1  | 2026-09-19T16:58:20.371297300Z 2026-09-19 16:58:20,371 INFO httpx: HTTP Request: POST https://openrouter.ai/api/v1/chat/completions "HTTP/1.1 200 OK"
app-1  | 2026-09-19T16:58:21.993908191Z 2026-09-19 16:58:21,993 INFO cautious_crypto_bro.openrouter: OpenRouter inference for -1001262962760/99555 (0 image(s)) completed in 3.93s on attempt 1/3
app-1  | 2026-09-19T16:58:21.998642200Z 2026-09-19 16:58:21,998 INFO cautious_crypto_bro.openrouter: No actionable intent for -1001262962760/99555: The post contains only conversational text and no new trade signals or instructions for existing positions.
app-1  | 2026-09-19T17:05:05.488311512Z 2026-09-19 17:05:05,488 INFO telethon.client.updates: Got difference for channel 1644656268 updates
app-1  | 2026-09-19T17:09:15.636542418Z 2026-09-19 17:09:15,636 INFO telethon.client.downloads: Starting direct file download in chunks of 131072 at 0, stride 131072
app-1  | 2026-09-19T17:09:16.555738224Z 2026-09-19 17:09:16,555 INFO httpx: HTTP Request: GET https://api-demo.bybit.com/v5/market/time "HTTP/1.1 200 OK"
app-1  | 2026-09-19T17:09:16.555833386Z 2026-09-19 17:09:16,555 INFO cautious_crypto_bro.bybit: Bybit clock offset +24452 ms (RTT 670 ms)
app-1  | 2026-09-19T17:09:16.816392556Z 2026-09-19 17:09:16,816 INFO httpx: HTTP Request: GET https://api-demo.bybit.com/v5/position/list?category=linear&settleCoin=USDT&limit=200 "HTTP/1.1 200 OK"
app-1  | 2026-09-19T17:09:17.076204319Z 2026-09-19 17:09:17,075 INFO httpx: HTTP Request: GET https://api-demo.bybit.com/v5/position/list?category=linear&settleCoin=USDT&limit=200&cursor=BTCUSDT%252C1789833600089%252C0 "HTTP/1.1 200 OK"
app-1  | 2026-09-19T17:09:17.334769178Z 2026-09-19 17:09:17,334 INFO httpx: HTTP Request: GET https://api-demo.bybit.com/v5/order/realtime?category=linear&settleCoin=USDT&openOnly=0&limit=50 "HTTP/1.1 200 OK"
app-1  | 2026-09-19T17:09:17.593140239Z 2026-09-19 17:09:17,592 INFO httpx: HTTP Request: GET https://api-demo.bybit.com/v5/order/realtime?category=linear&settleCoin=USDT&openOnly=0&limit=50&cursor=aa2586b8-d929-4f2e-821d-e16ce9803060%253A1789826707131%252C33134651-4d5b-4043-b54c-2a578f32b7a0%253A1789398492436 "HTTP/1.1 200 OK"
app-1  | 2026-09-19T17:09:22.266404345Z 2026-09-19 17:09:22,266 INFO httpx: HTTP Request: POST https://openrouter.ai/api/v1/chat/completions "HTTP/1.1 200 OK"
app-1  | 2026-09-19T17:09:23.394123273Z 2026-09-19 17:09:23,393 INFO cautious_crypto_bro.openrouter: OpenRouter inference for -1003965967125/2994 (1 image(s)) completed in 5.79s on attempt 1/3
app-1  | 2026-09-19T17:09:23.395052287Z 2026-09-19 17:09:23,394 INFO cautious_crypto_bro.openrouter: No actionable intent for -1003965967125/2994: The post contains only social commentary and a personal photo with no trading signals or position instructions.
app-1  | 2026-09-19T17:50:05.635101125Z 2026-09-19 17:50:05,634 INFO telethon.client.updates: Got difference for channel 1644656268 updates
app-1  | 2026-09-19T17:50:05.729227428Z 2026-09-19 17:50:05,729 INFO telethon.client.updates: Got difference for channel 3965967125 updates
app-1  | 2026-09-19T17:50:06.232089030Z 2026-09-19 17:50:06,231 INFO telethon.client.downloads: Starting direct file download in chunks of 131072 at 0, stride 131072
app-1  | 2026-09-19T17:50:06.409428383Z 2026-09-19 17:50:06,409 INFO telethon.client.downloads: Starting direct file download in chunks of 131072 at 0, stride 131072
app-1  | 2026-09-19T17:50:07.305934799Z 2026-09-19 17:50:07,305 INFO httpx: HTTP Request: GET https://api-demo.bybit.com/v5/market/time "HTTP/1.1 200 OK"
app-1  | 2026-09-19T17:50:07.306377966Z 2026-09-19 17:50:07,305 INFO cautious_crypto_bro.bybit: Bybit clock offset +24511 ms (RTT 734 ms)
app-1  | 2026-09-19T17:50:07.540896047Z 2026-09-19 17:50:07,540 INFO httpx: HTTP Request: GET https://api-demo.bybit.com/v5/position/list?category=linear&settleCoin=USDT&limit=200 "HTTP/1.1 200 OK"
app-1  | 2026-09-19T17:50:07.787561104Z 2026-09-19 17:50:07,787 INFO httpx: HTTP Request: GET https://api-demo.bybit.com/v5/position/list?category=linear&settleCoin=USDT&limit=200&cursor=BTCUSDT%252C1789833600089%252C0 "HTTP/1.1 200 OK"
app-1  | 2026-09-19T17:50:08.023432332Z 2026-09-19 17:50:08,023 INFO httpx: HTTP Request: GET https://api-demo.bybit.com/v5/order/realtime?category=linear&settleCoin=USDT&openOnly=0&limit=50 "HTTP/1.1 200 OK"
app-1  | 2026-09-19T17:50:08.255431942Z 2026-09-19 17:50:08,255 INFO httpx: HTTP Request: GET https://api-demo.bybit.com/v5/order/realtime?category=linear&settleCoin=USDT&openOnly=0&limit=50&cursor=aa2586b8-d929-4f2e-821d-e16ce9803060%253A1789826707131%252C33134651-4d5b-4043-b54c-2a578f32b7a0%253A1789398492436 "HTTP/1.1 200 OK"
app-1  | 2026-09-19T17:50:10.717789333Z 2026-09-19 17:50:10,717 INFO httpx: HTTP Request: POST https://openrouter.ai/api/v1/chat/completions "HTTP/1.1 200 OK"
app-1  | 2026-09-19T17:50:14.880166184Z 2026-09-19 17:50:14,879 INFO cautious_crypto_bro.openrouter: OpenRouter inference for -1003965967125/2995 (2 image(s)) completed in 6.61s on attempt 1/3
app-1  | 2026-09-19T17:50:14.885519140Z 2026-09-19 17:50:14,885 WARNING cautious_crypto_bro.service: Position action REDUCE UNIUSDT remains MANUAL because live position count is 0
app-1  | 2026-09-19T17:50:15.293177398Z 2026-09-19 17:50:15,293 INFO httpx: HTTP Request: GET https://api-demo.bybit.com/v5/position/closed-pnl?category=linear&startTime=1789749864576&endTime=1789840214885&limit=100 "HTTP/1.1 200 OK"
app-1  | 2026-09-19T17:50:15.523434431Z 2026-09-19 17:50:15,523 INFO httpx: HTTP Request: GET https://api-demo.bybit.com/v5/position/closed-pnl?category=linear&startTime=1789749864576&endTime=1789840214885&limit=100&cursor=a43ce279-70f0-438b-94b7-02c3aa52d18a%253A1789816306791783463%252Ca43ce279-70f0-438b-94b7-02c3aa52d18a%253A1789816306791783463 "HTTP/1.1 200 OK"
app-1  | 2026-09-19T17:55:16.139358336Z 2026-09-19 17:55:16,139 INFO telethon.client.downloads: Starting direct file download in chunks of 131072 at 0, stride 131072
app-1  | 2026-09-19T17:55:18.955224325Z 2026-09-19 17:55:18,954 INFO httpx: HTTP Request: GET https://api-demo.bybit.com/v5/market/time "HTTP/1.1 200 OK"
app-1  | 2026-09-19T17:55:18.955343743Z 2026-09-19 17:55:18,955 INFO cautious_crypto_bro.bybit: Bybit clock offset +25469 ms (RTT 2640 ms)
app-1  | 2026-09-19T17:55:19.179864739Z 2026-09-19 17:55:19,179 INFO httpx: HTTP Request: GET https://api-demo.bybit.com/v5/position/list?category=linear&settleCoin=USDT&limit=200 "HTTP/1.1 200 OK"
app-1  | 2026-09-19T17:55:19.179988055Z 2026-09-19 17:55:19,179 WARNING cautious_crypto_bro.bybit: Bybit rejected request timestamp; re-synchronizing clock
app-1  | 2026-09-19T17:55:19.400898158Z 2026-09-19 17:55:19,400 INFO httpx: HTTP Request: GET https://api-demo.bybit.com/v5/market/time "HTTP/1.1 200 OK"
app-1  | 2026-09-19T17:55:19.401012046Z 2026-09-19 17:55:19,400 INFO cautious_crypto_bro.bybit: Bybit clock offset +24261 ms (RTT 221 ms)
app-1  | 2026-09-19T17:55:19.627987039Z 2026-09-19 17:55:19,627 INFO httpx: HTTP Request: GET https://api-demo.bybit.com/v5/position/list?category=linear&settleCoin=USDT&limit=200 "HTTP/1.1 200 OK"
app-1  | 2026-09-19T17:55:19.856288288Z 2026-09-19 17:55:19,856 INFO httpx: HTTP Request: GET https://api-demo.bybit.com/v5/position/list?category=linear&settleCoin=USDT&limit=200&cursor=BTCUSDT%252C1789833600089%252C0 "HTTP/1.1 200 OK"
app-1  | 2026-09-19T17:55:20.084752266Z 2026-09-19 17:55:20,084 INFO httpx: HTTP Request: GET https://api-demo.bybit.com/v5/order/realtime?category=linear&settleCoin=USDT&openOnly=0&limit=50 "HTTP/1.1 200 OK"
app-1  | 2026-09-19T17:55:20.314773871Z 2026-09-19 17:55:20,314 INFO httpx: HTTP Request: GET https://api-demo.bybit.com/v5/order/realtime?category=linear&settleCoin=USDT&openOnly=0&limit=50&cursor=aa2586b8-d929-4f2e-821d-e16ce9803060%253A1789826707131%252C33134651-4d5b-4043-b54c-2a578f32b7a0%253A1789398492436 "HTTP/1.1 200 OK"
app-1  | 2026-09-19T17:55:22.649604454Z 2026-09-19 17:55:22,649 INFO httpx: HTTP Request: POST https://openrouter.ai/api/v1/chat/completions "HTTP/1.1 200 OK"
app-1  | 2026-09-19T17:55:26.325553126Z 2026-09-19 17:55:26,325 INFO cautious_crypto_bro.openrouter: OpenRouter inference for -1003965967125/2997 (1 image(s)) completed in 6.00s on attempt 1/3
app-1  | 2026-09-19T17:55:26.326319781Z 2026-09-19 17:55:26,326 INFO cautious_crypto_bro.openrouter: No actionable intent for -1003965967125/2997: The post is informational/promotional and does not contain any specific trading signals, entry prices, stop losses, or instructions to manage existing positions.
app-1  | 2026-09-19T18:10:16.296156402Z 2026-09-19 18:10:16,295 INFO telethon.client.downloads: Starting direct file download in chunks of 131072 at 0, stride 131072
app-1  | 2026-09-19T18:10:18.203434176Z 2026-09-19 18:10:18,203 INFO httpx: HTTP Request: GET https://api-demo.bybit.com/v5/market/time "HTTP/1.1 200 OK"
app-1  | 2026-09-19T18:10:18.203551330Z 2026-09-19 18:10:18,203 INFO cautious_crypto_bro.bybit: Bybit clock offset +24993 ms (RTT 1684 ms)
app-1  | 2026-09-19T18:10:18.437577238Z 2026-09-19 18:10:18,437 INFO httpx: HTTP Request: GET https://api-demo.bybit.com/v5/position/list?category=linear&settleCoin=USDT&limit=200 "HTTP/1.1 200 OK"
app-1  | 2026-09-19T18:10:18.671222318Z 2026-09-19 18:10:18,671 INFO httpx: HTTP Request: GET https://api-demo.bybit.com/v5/position/list?category=linear&settleCoin=USDT&limit=200&cursor=BTCUSDT%252C1789833600089%252C0 "HTTP/1.1 200 OK"
app-1  | 2026-09-19T18:10:18.903314742Z 2026-09-19 18:10:18,903 INFO httpx: HTTP Request: GET https://api-demo.bybit.com/v5/order/realtime?category=linear&settleCoin=USDT&openOnly=0&limit=50 "HTTP/1.1 200 OK"
app-1  | 2026-09-19T18:10:19.135262141Z 2026-09-19 18:10:19,135 INFO httpx: HTTP Request: GET https://api-demo.bybit.com/v5/order/realtime?category=linear&settleCoin=USDT&openOnly=0&limit=50&cursor=aa2586b8-d929-4f2e-821d-e16ce9803060%253A1789826707131%252C33134651-4d5b-4043-b54c-2a578f32b7a0%253A1789398492436 "HTTP/1.1 200 OK"
app-1  | 2026-09-19T18:10:21.684184849Z 2026-09-19 18:10:21,684 INFO httpx: HTTP Request: POST https://openrouter.ai/api/v1/chat/completions "HTTP/1.1 200 OK"
app-1  | 2026-09-19T18:10:23.005383997Z 2026-09-19 18:10:23,005 INFO cautious_crypto_bro.openrouter: OpenRouter inference for -1002243423111/8049 (1 image(s)) completed in 3.85s on attempt 1/3
app-1  | 2026-09-19T18:10:23.010012433Z 2026-09-19 18:10:23,009 INFO cautious_crypto_bro.openrouter: No actionable intent for -1002243423111/8049: The post mentions 'BTC - long' but provides no entry price, stop loss, or specific trade instructions, making it an unexecutable observation.
app-1  | 2026-09-19T18:49:16.163770395Z 2026-09-19 18:49:16,163 INFO httpx: HTTP Request: GET https://api-demo.bybit.com/v5/market/time "HTTP/1.1 200 OK"
app-1  | 2026-09-19T18:49:16.163911715Z 2026-09-19 18:49:16,163 INFO cautious_crypto_bro.bybit: Bybit clock offset +25056 ms (RTT 1777 ms)
app-1  | 2026-09-19T18:49:16.413428818Z 2026-09-19 18:49:16,413 INFO httpx: HTTP Request: GET https://api-demo.bybit.com/v5/position/list?category=linear&settleCoin=USDT&limit=200 "HTTP/1.1 200 OK"
app-1  | 2026-09-19T18:49:16.646293560Z 2026-09-19 18:49:16,646 INFO httpx: HTTP Request: GET https://api-demo.bybit.com/v5/position/list?category=linear&settleCoin=USDT&limit=200&cursor=BTCUSDT%252C1789833600089%252C0 "HTTP/1.1 200 OK"
app-1  | 2026-09-19T18:49:16.893203093Z 2026-09-19 18:49:16,893 INFO httpx: HTTP Request: GET https://api-demo.bybit.com/v5/order/realtime?category=linear&settleCoin=USDT&openOnly=0&limit=50 "HTTP/1.1 200 OK"
app-1  | 2026-09-19T18:49:17.125218702Z 2026-09-19 18:49:17,125 INFO httpx: HTTP Request: GET https://api-demo.bybit.com/v5/order/realtime?category=linear&settleCoin=USDT&openOnly=0&limit=50&cursor=aa2586b8-d929-4f2e-821d-e16ce9803060%253A1789826707131%252C33134651-4d5b-4043-b54c-2a578f32b7a0%253A1789398492436 "HTTP/1.1 200 OK"
app-1  | 2026-09-19T18:49:18.549862880Z 2026-09-19 18:49:18,549 INFO httpx: HTTP Request: POST https://openrouter.ai/api/v1/chat/completions "HTTP/1.1 200 OK"
app-1  | 2026-09-19T18:49:20.241494745Z 2026-09-19 18:49:20,241 INFO cautious_crypto_bro.openrouter: OpenRouter inference for -1001262962760/99556 (0 image(s)) completed in 3.10s on attempt 1/3
app-1  | 2026-09-19T18:49:20.246278475Z 2026-09-19 18:49:20,246 INFO cautious_crypto_bro.openrouter: No actionable intent for -1001262962760/99556: The post is a question asking if a review for UNI is needed and contains no trade signals or instructions.
app-1  | 2026-09-19T18:57:17.268455141Z 2026-09-19 18:57:17,268 INFO telethon.client.downloads: Starting direct file download in chunks of 131072 at 0, stride 131072
app-1  | 2026-09-19T18:57:17.403971313Z 2026-09-19 18:57:17,403 INFO telethon.client.downloads: Starting direct file download in chunks of 131072 at 0, stride 131072
app-1  | 2026-09-19T18:57:17.406241389Z 2026-09-19 18:57:17,406 INFO telethon.client.updates: Got difference for channel 3965967125 updates
app-1  | 2026-09-19T18:57:17.541875668Z 2026-09-19 18:57:17,541 INFO telethon.client.downloads: Starting direct file download in chunks of 131072 at 0, stride 131072
app-1  | 2026-09-19T18:57:17.665937271Z 2026-09-19 18:57:17,665 INFO telethon.client.downloads: Starting direct file download in chunks of 131072 at 0, stride 131072
app-1  | 2026-09-19T18:57:17.816762757Z 2026-09-19 18:57:17,816 INFO telethon.client.downloads: Starting direct file download in chunks of 131072 at 0, stride 131072
app-1  | 2026-09-19T18:57:17.935222970Z 2026-09-19 18:57:17,935 INFO telethon.client.downloads: Starting direct file download in chunks of 131072 at 0, stride 131072
app-1  | 2026-09-19T18:57:19.707532370Z 2026-09-19 18:57:19,707 INFO httpx: HTTP Request: GET https://api-demo.bybit.com/v5/market/time "HTTP/1.1 200 OK"
app-1  | 2026-09-19T18:57:19.707659914Z 2026-09-19 18:57:19,707 INFO cautious_crypto_bro.bybit: Bybit clock offset +24980 ms (RTT 1621 ms)
app-1  | 2026-09-19T18:57:19.938578452Z 2026-09-19 18:57:19,938 INFO httpx: HTTP Request: GET https://api-demo.bybit.com/v5/position/list?category=linear&settleCoin=USDT&limit=200 "HTTP/1.1 200 OK"
app-1  | 2026-09-19T18:57:20.169235414Z 2026-09-19 18:57:20,168 INFO httpx: HTTP Request: GET https://api-demo.bybit.com/v5/position/list?category=linear&settleCoin=USDT&limit=200&cursor=BTCUSDT%252C1789833600089%252C0 "HTTP/1.1 200 OK"
app-1  | 2026-09-19T18:57:20.570267054Z 2026-09-19 18:57:20,570 INFO httpx: HTTP Request: GET https://api-demo.bybit.com/v5/order/realtime?category=linear&settleCoin=USDT&openOnly=0&limit=50 "HTTP/1.1 200 OK"
app-1  | 2026-09-19T18:57:20.801854621Z 2026-09-19 18:57:20,801 INFO httpx: HTTP Request: GET https://api-demo.bybit.com/v5/order/realtime?category=linear&settleCoin=USDT&openOnly=0&limit=50&cursor=aa2586b8-d929-4f2e-821d-e16ce9803060%253A1789826707131%252C33134651-4d5b-4043-b54c-2a578f32b7a0%253A1789398492436 "HTTP/1.1 200 OK"
app-1  | 2026-09-19T18:57:25.419604640Z 2026-09-19 18:57:25,419 INFO httpx: HTTP Request: POST https://openrouter.ai/api/v1/chat/completions "HTTP/1.1 200 OK"
app-1  | 2026-09-19T18:57:30.823370613Z 2026-09-19 18:57:30,823 INFO cautious_crypto_bro.openrouter: OpenRouter inference for -1003965967125/2998 (6 image(s)) completed in 10.01s on attempt 1/3
app-1  | 2026-09-19T18:57:30.828125317Z 2026-09-19 18:57:30,827 INFO cautious_crypto_bro.openrouter: No actionable intent for -1003965967125/2998: The post consists of promotional material and historical performance screenshots of closed trades (indicated by 'Закрыто' in the images). No new trade proposals or executable actions on existing positions are present.
app-1  | 2026-09-19T18:57:44.931812422Z 2026-09-19 18:57:44,931 INFO telethon.client.updates: Got difference for channel 3965967125 updates
app-1  | 2026-09-19T19:38:17.177103753Z 2026-09-19 19:38:17,176 INFO telethon.client.downloads: Starting direct file download in chunks of 131072 at 0, stride 131072
app-1  | 2026-09-19T19:38:18.907399343Z 2026-09-19 19:38:18,907 INFO httpx: HTTP Request: GET https://api-demo.bybit.com/v5/market/time "HTTP/1.1 200 OK"
app-1  | 2026-09-19T19:38:18.907628041Z 2026-09-19 19:38:18,907 INFO cautious_crypto_bro.bybit: Bybit clock offset +25043 ms (RTT 1719 ms)
app-1  | 2026-09-19T19:38:18.908610044Z 2026-09-19 19:38:18,908 INFO httpx: HTTP Request: GET https://api-demo.bybit.com/v5/market/time "HTTP/1.1 200 OK"
app-1  | 2026-09-19T19:38:18.908751595Z 2026-09-19 19:38:18,908 INFO cautious_crypto_bro.bybit: Bybit clock offset +24978 ms (RTT 1589 ms)
app-1  | 2026-09-19T19:38:19.136208393Z 2026-09-19 19:38:19,135 INFO httpx: HTTP Request: GET https://api-demo.bybit.com/v5/position/list?category=linear&settleCoin=USDT&limit=200 "HTTP/1.1 200 OK"
app-1  | 2026-09-19T19:38:19.137538423Z 2026-09-19 19:38:19,136 INFO httpx: HTTP Request: GET https://api-demo.bybit.com/v5/position/list?category=linear&settleCoin=USDT&limit=200 "HTTP/1.1 200 OK"
app-1  | 2026-09-19T19:38:19.364747135Z 2026-09-19 19:38:19,364 INFO httpx: HTTP Request: GET https://api-demo.bybit.com/v5/position/list?category=linear&settleCoin=USDT&limit=200&cursor=BTCUSDT%252C1789833600089%252C0 "HTTP/1.1 200 OK"
app-1  | 2026-09-19T19:38:19.374233291Z 2026-09-19 19:38:19,365 INFO httpx: HTTP Request: GET https://api-demo.bybit.com/v5/position/list?category=linear&settleCoin=USDT&limit=200&cursor=BTCUSDT%252C1789833600089%252C0 "HTTP/1.1 200 OK"
app-1  | 2026-09-19T19:38:19.590266992Z 2026-09-19 19:38:19,590 INFO httpx: HTTP Request: GET https://api-demo.bybit.com/v5/order/realtime?category=linear&settleCoin=USDT&openOnly=0&limit=50 "HTTP/1.1 200 OK"
app-1  | 2026-09-19T19:38:19.594136200Z 2026-09-19 19:38:19,594 INFO httpx: HTTP Request: GET https://api-demo.bybit.com/v5/order/realtime?category=linear&settleCoin=USDT&openOnly=0&limit=50 "HTTP/1.1 200 OK"
app-1  | 2026-09-19T19:38:19.817513626Z 2026-09-19 19:38:19,817 INFO httpx: HTTP Request: GET https://api-demo.bybit.com/v5/order/realtime?category=linear&settleCoin=USDT&openOnly=0&limit=50&cursor=aa2586b8-d929-4f2e-821d-e16ce9803060%253A1789826707131%252C33134651-4d5b-4043-b54c-2a578f32b7a0%253A1789398492436 "HTTP/1.1 200 OK"
app-1  | 2026-09-19T19:38:19.824737084Z 2026-09-19 19:38:19,824 INFO httpx: HTTP Request: GET https://api-demo.bybit.com/v5/order/realtime?category=linear&settleCoin=USDT&openOnly=0&limit=50&cursor=aa2586b8-d929-4f2e-821d-e16ce9803060%253A1789826707131%252C33134651-4d5b-4043-b54c-2a578f32b7a0%253A1789398492436 "HTTP/1.1 200 OK"
app-1  | 2026-09-19T19:38:20.582977601Z 2026-09-19 19:38:20,582 INFO httpx: HTTP Request: POST https://openrouter.ai/api/v1/chat/completions "HTTP/1.1 200 OK"
app-1  | 2026-09-19T19:38:21.776626453Z 2026-09-19 19:38:21,776 INFO cautious_crypto_bro.openrouter: OpenRouter inference for -1002132062264/11604 (0 image(s)) completed in 1.93s on attempt 1/3
app-1  | 2026-09-19T19:38:21.781587573Z 2026-09-19 19:38:21,781 INFO cautious_crypto_bro.openrouter: No actionable intent for -1002132062264/11604: The post contains only a celebratory comment without any new trade signals or instructions for existing positions.
app-1  | 2026-09-19T19:38:22.392267608Z 2026-09-19 19:38:22,392 INFO httpx: HTTP Request: POST https://openrouter.ai/api/v1/chat/completions "HTTP/1.1 200 OK"
app-1  | 2026-09-19T19:38:23.318102466Z 2026-09-19 19:38:23,317 INFO cautious_crypto_bro.openrouter: OpenRouter inference for -1001262962760/99557 (1 image(s)) completed in 3.48s on attempt 1/3
app-1  | 2026-09-19T19:38:23.322799877Z 2026-09-19 19:38:23,322 INFO cautious_crypto_bro.openrouter: No actionable intent for -1001262962760/99557: The post describes market observations and areas of interest (IMB zone and liquidity zones) but does not provide an explicit trade instruction (entry, side, or stop loss) for a new or existing position.
app-1  | 2026-09-19T19:39:18.627489748Z 2026-09-19 19:39:18,627 INFO httpx: HTTP Request: GET https://api-demo.bybit.com/v5/position/list?category=linear&settleCoin=USDT&limit=200 "HTTP/1.1 200 OK"
app-1  | 2026-09-19T19:39:18.859382988Z 2026-09-19 19:39:18,859 INFO httpx: HTTP Request: GET https://api-demo.bybit.com/v5/position/list?category=linear&settleCoin=USDT&limit=200&cursor=BTCUSDT%252C1789833600089%252C0 "HTTP/1.1 200 OK"
app-1  | 2026-09-19T19:39:19.092034068Z 2026-09-19 19:39:19,091 INFO httpx: HTTP Request: GET https://api-demo.bybit.com/v5/order/realtime?category=linear&settleCoin=USDT&openOnly=0&limit=50 "HTTP/1.1 200 OK"
app-1  | 2026-09-19T19:39:19.324986537Z 2026-09-19 19:39:19,324 INFO httpx: HTTP Request: GET https://api-demo.bybit.com/v5/order/realtime?category=linear&settleCoin=USDT&openOnly=0&limit=50&cursor=aa2586b8-d929-4f2e-821d-e16ce9803060%253A1789826707131%252C33134651-4d5b-4043-b54c-2a578f32b7a0%253A1789398492436 "HTTP/1.1 200 OK"
app-1  | 2026-09-19T19:39:19.644424320Z 2026-09-19 19:39:19,644 INFO httpx: HTTP Request: POST https://openrouter.ai/api/v1/chat/completions "HTTP/1.1 200 OK"
app-1  | 2026-09-19T19:39:21.561660798Z 2026-09-19 19:39:21,561 INFO cautious_crypto_bro.openrouter: OpenRouter inference for -1002132062264/11605 (0 image(s)) completed in 2.22s on attempt 1/3
app-1  | 2026-09-19T19:39:21.567129244Z 2026-09-19 19:39:21,566 INFO cautious_crypto_bro.openrouter: No actionable intent for -1002132062264/11605: The post contains only a testimonial/review and does not contain any new trade signals or instructions for existing positions.
app-1  | 2026-09-19T20:35:18.632719381Z 2026-09-19 20:35:18,632 INFO httpx: HTTP Request: GET https://api-demo.bybit.com/v5/market/time "HTTP/1.1 200 OK"
app-1  | 2026-09-19T20:35:18.637659879Z 2026-09-19 20:35:18,632 INFO cautious_crypto_bro.bybit: Bybit clock offset +25129 ms (RTT 1854 ms)
app-1  | 2026-09-19T20:35:18.863648093Z 2026-09-19 20:35:18,863 INFO httpx: HTTP Request: GET https://api-demo.bybit.com/v5/position/list?category=linear&settleCoin=USDT&limit=200 "HTTP/1.1 200 OK"
app-1  | 2026-09-19T20:35:19.093095318Z 2026-09-19 20:35:19,092 INFO httpx: HTTP Request: GET https://api-demo.bybit.com/v5/position/list?category=linear&settleCoin=USDT&limit=200&cursor=BTCUSDT%252C1789833600089%252C0 "HTTP/1.1 200 OK"
app-1  | 2026-09-19T20:35:19.487976297Z 2026-09-19 20:35:19,487 INFO httpx: HTTP Request: GET https://api-demo.bybit.com/v5/order/realtime?category=linear&settleCoin=USDT&openOnly=0&limit=50 "HTTP/1.1 200 OK"
app-1  | 2026-09-19T20:35:19.717849690Z 2026-09-19 20:35:19,717 INFO httpx: HTTP Request: GET https://api-demo.bybit.com/v5/order/realtime?category=linear&settleCoin=USDT&openOnly=0&limit=50&cursor=aa2586b8-d929-4f2e-821d-e16ce9803060%253A1789826707131%252C33134651-4d5b-4043-b54c-2a578f32b7a0%253A1789398492436 "HTTP/1.1 200 OK"
app-1  | 2026-09-19T20:35:21.873548003Z 2026-09-19 20:35:21,873 INFO httpx: HTTP Request: POST https://openrouter.ai/api/v1/chat/completions "HTTP/1.1 200 OK"
app-1  | 2026-09-19T20:35:24.847477547Z 2026-09-19 20:35:24,847 INFO cautious_crypto_bro.openrouter: OpenRouter inference for -1001262962760/99558 (0 image(s)) completed in 5.12s on attempt 1/3
app-1  | 2026-09-19T20:35:24.852241780Z 2026-09-19 20:35:24,852 INFO cautious_crypto_bro.openrouter: No actionable intent for -1001262962760/99558: The post contains only conversational text indicating the trader is taking a break and provides no new trade signals or instructions for existing positions.
app-1  | 2026-09-20T04:24:22.567030101Z 2026-09-20 04:24:22,566 INFO telethon.client.downloads: Starting direct file download in chunks of 131072 at 0, stride 131072
app-1  | 2026-09-20T04:24:24.466447993Z 2026-09-20 04:24:24,466 INFO httpx: HTTP Request: GET https://api-demo.bybit.com/v5/market/time "HTTP/1.1 200 OK"
app-1  | 2026-09-20T04:24:24.466634350Z 2026-09-20 04:24:24,466 INFO cautious_crypto_bro.bybit: Bybit clock offset +25218 ms (RTT 1747 ms)
app-1  | 2026-09-20T04:24:24.697837217Z 2026-09-20 04:24:24,697 INFO httpx: HTTP Request: GET https://api-demo.bybit.com/v5/position/list?category=linear&settleCoin=USDT&limit=200 "HTTP/1.1 200 OK"
app-1  | 2026-09-20T04:24:24.929672604Z 2026-09-20 04:24:24,929 INFO httpx: HTTP Request: GET https://api-demo.bybit.com/v5/position/list?category=linear&settleCoin=USDT&limit=200&cursor=BTCUSDT%252C1789862400086%252C0 "HTTP/1.1 200 OK"
app-1  | 2026-09-20T04:24:25.160161172Z 2026-09-20 04:24:25,159 INFO httpx: HTTP Request: GET https://api-demo.bybit.com/v5/order/realtime?category=linear&settleCoin=USDT&openOnly=0&limit=50 "HTTP/1.1 200 OK"
app-1  | 2026-09-20T04:24:25.391005378Z 2026-09-20 04:24:25,390 INFO httpx: HTTP Request: GET https://api-demo.bybit.com/v5/order/realtime?category=linear&settleCoin=USDT&openOnly=0&limit=50&cursor=aa2586b8-d929-4f2e-821d-e16ce9803060%253A1789826707131%252C33134651-4d5b-4043-b54c-2a578f32b7a0%253A1789398492436 "HTTP/1.1 200 OK"
app-1  | 2026-09-20T04:24:29.756432955Z 2026-09-20 04:24:29,756 INFO httpx: HTTP Request: POST https://openrouter.ai/api/v1/chat/completions "HTTP/1.1 200 OK"
app-1  | 2026-09-20T04:24:39.054216859Z 2026-09-20 04:24:39,053 WARNING cautious_crypto_bro.openrouter: Invalid OpenRouter structured output for -1002243423111/8050 on attempt 1/3: 1 validation error for IntentExtraction
app-1  | 2026-09-20T04:24:39.054264400Z intents.0.entry_price
app-1  | 2026-09-20T04:24:39.054269399Z   Extra inputs are not permitted [type=extra_forbidden, input_value=None, input_type=NoneType]
app-1  | 2026-09-20T04:24:39.054273497Z     For further information visit https://errors.pydantic.dev/2.13/v/extra_forbidden
app-1  | 2026-09-20T04:24:39.054277475Z 2026-09-20 04:24:39,054 WARNING cautious_crypto_bro.openrouter: OpenRouter attempt 1/3 failed for -1002243423111/8050: OpenRouter returned invalid structured output; retrying
app-1  | 2026-09-20T04:24:45.861808288Z 2026-09-20 04:24:45,861 INFO httpx: HTTP Request: POST https://openrouter.ai/api/v1/chat/completions "HTTP/1.1 200 OK"
app-1  | 2026-09-20T04:24:46.766441899Z 2026-09-20 04:24:46,766 INFO cautious_crypto_bro.openrouter: OpenRouter inference for -1002243423111/8050 (1 image(s)) completed in 7.21s on attempt 2/3
app-1  | 2026-09-20T04:24:46.771672660Z 2026-09-20 04:24:46,771 WARNING cautious_crypto_bro.service: Position action REDUCE HYPEUSDT remains MANUAL because live position count is 0
app-1  | 2026-09-20T04:24:47.217927807Z 2026-09-20 04:24:47,217 INFO httpx: HTTP Request: GET https://api-demo.bybit.com/v5/position/closed-pnl?category=linear&startTime=1789753814885&endTime=1789878286771&limit=100 "HTTP/1.1 200 OK"
app-1  | 2026-09-20T04:24:47.454825939Z 2026-09-20 04:24:47,454 INFO httpx: HTTP Request: GET https://api-demo.bybit.com/v5/position/closed-pnl?category=linear&startTime=1789753814885&endTime=1789878286771&limit=100&cursor=a43ce279-70f0-438b-94b7-02c3aa52d18a%253A1789816306791783463%252Ca43ce279-70f0-438b-94b7-02c3aa52d18a%253A1789816306791783463 "HTTP/1.1 200 OK"
app-1  | 2026-09-20T05:02:24.760368074Z 2026-09-20 05:02:24,760 INFO httpx: HTTP Request: GET https://api-demo.bybit.com/v5/market/time "HTTP/1.1 200 OK"
app-1  | 2026-09-20T05:02:24.765210411Z 2026-09-20 05:02:24,760 INFO cautious_crypto_bro.bybit: Bybit clock offset +25245 ms (RTT 1767 ms)
app-1  | 2026-09-20T05:02:24.987392677Z 2026-09-20 05:02:24,987 INFO httpx: HTTP Request: GET https://api-demo.bybit.com/v5/position/list?category=linear&settleCoin=USDT&limit=200 "HTTP/1.1 200 OK"
app-1  | 2026-09-20T05:02:25.214299176Z 2026-09-20 05:02:25,214 INFO httpx: HTTP Request: GET https://api-demo.bybit.com/v5/position/list?category=linear&settleCoin=USDT&limit=200&cursor=BTCUSDT%252C1789862400086%252C0 "HTTP/1.1 200 OK"
app-1  | 2026-09-20T05:02:25.439532791Z 2026-09-20 05:02:25,439 INFO httpx: HTTP Request: GET https://api-demo.bybit.com/v5/order/realtime?category=linear&settleCoin=USDT&openOnly=0&limit=50 "HTTP/1.1 200 OK"
app-1  | 2026-09-20T05:02:25.665330281Z 2026-09-20 05:02:25,665 INFO httpx: HTTP Request: GET https://api-demo.bybit.com/v5/order/realtime?category=linear&settleCoin=USDT&openOnly=0&limit=50&cursor=aa2586b8-d929-4f2e-821d-e16ce9803060%253A1789826707131%252C33134651-4d5b-4043-b54c-2a578f32b7a0%253A1789398492436 "HTTP/1.1 200 OK"
app-1  | 2026-09-20T05:02:27.218405326Z 2026-09-20 05:02:27,218 INFO httpx: HTTP Request: POST https://openrouter.ai/api/v1/chat/completions "HTTP/1.1 200 OK"
app-1  | 2026-09-20T05:02:30.496550381Z 2026-09-20 05:02:30,496 INFO cautious_crypto_bro.openrouter: OpenRouter inference for -1002243423111/8051 (0 image(s)) completed in 4.82s on attempt 1/3
app-1  | 2026-09-20T05:02:30.505396223Z 2026-09-20 05:02:30,505 INFO cautious_crypto_bro.openrouter: No actionable intent for -1002243423111/8051: The post contains only a greeting and no trading signals or instructions.
app-1  | 2026-09-20T05:20:07.867291978Z 2026-09-20 05:20:07,867 INFO telethon.client.updates: Got difference for channel 1644656268 updates
app-1  | 2026-09-20T05:35:07.946508337Z 2026-09-20 05:35:07,946 INFO telethon.client.updates: Got difference for channel 1644656268 updates
app-1  | 2026-09-20T05:48:24.185141602Z 2026-09-20 05:48:24,184 INFO httpx: HTTP Request: GET https://api-demo.bybit.com/v5/market/time "HTTP/1.1 200 OK"
app-1  | 2026-09-20T05:48:24.185249039Z 2026-09-20 05:48:24,185 INFO cautious_crypto_bro.bybit: Bybit clock offset +24747 ms (RTT 744 ms)
app-1  | 2026-09-20T05:48:24.416271020Z 2026-09-20 05:48:24,416 INFO httpx: HTTP Request: GET https://api-demo.bybit.com/v5/position/list?category=linear&settleCoin=USDT&limit=200 "HTTP/1.1 200 OK"
app-1  | 2026-09-20T05:48:24.648488135Z 2026-09-20 05:48:24,648 INFO httpx: HTTP Request: GET https://api-demo.bybit.com/v5/position/list?category=linear&settleCoin=USDT&limit=200&cursor=BTCUSDT%252C1789862400086%252C0 "HTTP/1.1 200 OK"
app-1  | 2026-09-20T05:48:24.879576703Z 2026-09-20 05:48:24,879 INFO httpx: HTTP Request: GET https://api-demo.bybit.com/v5/order/realtime?category=linear&settleCoin=USDT&openOnly=0&limit=50 "HTTP/1.1 200 OK"
app-1  | 2026-09-20T05:48:25.109682806Z 2026-09-20 05:48:25,109 INFO httpx: HTTP Request: GET https://api-demo.bybit.com/v5/order/realtime?category=linear&settleCoin=USDT&openOnly=0&limit=50&cursor=aa2586b8-d929-4f2e-821d-e16ce9803060%253A1789826707131%252C33134651-4d5b-4043-b54c-2a578f32b7a0%253A1789398492436 "HTTP/1.1 200 OK"
app-1  | 2026-09-20T05:48:28.025614925Z 2026-09-20 05:48:28,025 INFO httpx: HTTP Request: POST https://openrouter.ai/api/v1/chat/completions "HTTP/1.1 200 OK"
app-1  | 2026-09-20T05:48:29.990606243Z 2026-09-20 05:48:29,990 INFO cautious_crypto_bro.openrouter: OpenRouter inference for -1003965967125/3004 (0 image(s)) completed in 4.87s on attempt 1/3
app-1  | 2026-09-20T05:48:29.996426906Z 2026-09-20 05:48:29,996 INFO cautious_crypto_bro.openrouter: No actionable intent for -1003965967125/3004: The post contains no trading signals or instructions.
app-1  | 2026-09-20T05:58:24.173079711Z 2026-09-20 05:58:24,172 INFO httpx: HTTP Request: GET https://api-demo.bybit.com/v5/market/time "HTTP/1.1 200 OK"
app-1  | 2026-09-20T05:58:24.173211063Z 2026-09-20 05:58:24,173 INFO cautious_crypto_bro.bybit: Bybit clock offset +24687 ms (RTT 644 ms)
app-1  | 2026-09-20T05:58:24.425308873Z 2026-09-20 05:58:24,425 INFO httpx: HTTP Request: GET https://api-demo.bybit.com/v5/position/list?category=linear&settleCoin=USDT&limit=200 "HTTP/1.1 200 OK"
app-1  | 2026-09-20T05:58:24.678411551Z 2026-09-20 05:58:24,678 INFO httpx: HTTP Request: GET https://api-demo.bybit.com/v5/position/list?category=linear&settleCoin=USDT&limit=200&cursor=BTCUSDT%252C1789862400086%252C0 "HTTP/1.1 200 OK"
app-1  | 2026-09-20T05:58:24.931301880Z 2026-09-20 05:58:24,931 INFO httpx: HTTP Request: GET https://api-demo.bybit.com/v5/order/realtime?category=linear&settleCoin=USDT&openOnly=0&limit=50 "HTTP/1.1 200 OK"
app-1  | 2026-09-20T05:58:25.181711702Z 2026-09-20 05:58:25,181 INFO httpx: HTTP Request: GET https://api-demo.bybit.com/v5/order/realtime?category=linear&settleCoin=USDT&openOnly=0&limit=50&cursor=aa2586b8-d929-4f2e-821d-e16ce9803060%253A1789826707131%252C33134651-4d5b-4043-b54c-2a578f32b7a0%253A1789398492436 "HTTP/1.1 200 OK"
app-1  | 2026-09-20T05:58:28.049580120Z 2026-09-20 05:58:28,049 INFO httpx: HTTP Request: POST https://openrouter.ai/api/v1/chat/completions "HTTP/1.1 200 OK"
app-1  | 2026-09-20T05:58:30.300535870Z 2026-09-20 05:58:30,300 INFO cautious_crypto_bro.openrouter: OpenRouter inference for -1001262962760/99559 (0 image(s)) completed in 5.11s on attempt 1/3
app-1  | 2026-09-20T05:58:30.309667650Z 2026-09-20 05:58:30,305 INFO cautious_crypto_bro.openrouter: No actionable intent for -1001262962760/99559: The post contains only a greeting and no trading signals or instructions.
app-1  | 2026-09-20T05:59:24.021687503Z 2026-09-20 05:59:24,021 INFO httpx: HTTP Request: GET https://api-demo.bybit.com/v5/position/list?category=linear&settleCoin=USDT&limit=200 "HTTP/1.1 200 OK"
app-1  | 2026-09-20T05:59:24.283102263Z 2026-09-20 05:59:24,282 INFO httpx: HTTP Request: GET https://api-demo.bybit.com/v5/position/list?category=linear&settleCoin=USDT&limit=200&cursor=BTCUSDT%252C1789862400086%252C0 "HTTP/1.1 200 OK"
app-1  | 2026-09-20T05:59:24.541552117Z 2026-09-20 05:59:24,541 INFO httpx: HTTP Request: GET https://api-demo.bybit.com/v5/order/realtime?category=linear&settleCoin=USDT&openOnly=0&limit=50 "HTTP/1.1 200 OK"
app-1  | 2026-09-20T05:59:24.798916877Z 2026-09-20 05:59:24,798 INFO httpx: HTTP Request: GET https://api-demo.bybit.com/v5/order/realtime?category=linear&settleCoin=USDT&openOnly=0&limit=50&cursor=aa2586b8-d929-4f2e-821d-e16ce9803060%253A1789826707131%252C33134651-4d5b-4043-b54c-2a578f32b7a0%253A1789398492436 "HTTP/1.1 200 OK"
app-1  | 2026-09-20T05:59:26.016165508Z 2026-09-20 05:59:26,015 INFO httpx: HTTP Request: POST https://openrouter.ai/api/v1/chat/completions "HTTP/1.1 200 OK"
app-1  | 2026-09-20T05:59:26.830099394Z 2026-09-20 05:59:26,829 INFO cautious_crypto_bro.openrouter: OpenRouter inference for -1001262962760/99560 (0 image(s)) completed in 2.02s on attempt 1/3
app-1  | 2026-09-20T05:59:26.835016273Z 2026-09-20 05:59:26,834 INFO cautious_crypto_bro.openrouter: No actionable intent for -1001262962760/99560: The post contains only conversational text and no trading signals or position instructions.
app-1  | 2026-09-20T06:03:23.567896727Z 2026-09-20 06:03:23,567 INFO telethon.client.downloads: Starting direct file download in chunks of 131072 at 0, stride 131072
app-1  | 2026-09-20T06:03:24.421115713Z 2026-09-20 06:03:24,420 INFO httpx: HTTP Request: GET https://api-demo.bybit.com/v5/position/list?category=linear&settleCoin=USDT&limit=200 "HTTP/1.1 200 OK"
app-1  | 2026-09-20T06:03:24.676230332Z 2026-09-20 06:03:24,676 INFO httpx: HTTP Request: GET https://api-demo.bybit.com/v5/market/time "HTTP/1.1 200 OK"
app-1  | 2026-09-20T06:03:24.676386931Z 2026-09-20 06:03:24,676 INFO cautious_crypto_bro.bybit: Bybit clock offset +24493 ms (RTT 255 ms)
app-1  | 2026-09-20T06:03:24.937681122Z 2026-09-20 06:03:24,937 INFO httpx: HTTP Request: GET https://api-demo.bybit.com/v5/position/list?category=linear&settleCoin=USDT&limit=200&cursor=BTCUSDT%252C1789862400086%252C0 "HTTP/1.1 200 OK"
app-1  | 2026-09-20T06:03:25.195464507Z 2026-09-20 06:03:25,195 INFO httpx: HTTP Request: GET https://api-demo.bybit.com/v5/order/realtime?category=linear&settleCoin=USDT&openOnly=0&limit=50 "HTTP/1.1 200 OK"
app-1  | 2026-09-20T06:03:25.453938269Z 2026-09-20 06:03:25,453 INFO httpx: HTTP Request: GET https://api-demo.bybit.com/v5/order/realtime?category=linear&settleCoin=USDT&openOnly=0&limit=50&cursor=aa2586b8-d929-4f2e-821d-e16ce9803060%253A1789826707131%252C33134651-4d5b-4043-b54c-2a578f32b7a0%253A1789398492436 "HTTP/1.1 200 OK"
app-1  | 2026-09-20T06:03:28.638003445Z 2026-09-20 06:03:28,637 INFO httpx: HTTP Request: POST https://openrouter.ai/api/v1/chat/completions "HTTP/1.1 200 OK"
app-1  | 2026-09-20T06:03:34.056593503Z 2026-09-20 06:03:34,056 INFO cautious_crypto_bro.openrouter: OpenRouter inference for -1002243423111/8052 (1 image(s)) completed in 8.59s on attempt 1/3
app-1  | 2026-09-20T06:03:34.061709688Z 2026-09-20 06:03:34,061 WARNING cautious_crypto_bro.service: Position action CLOSE ZECUSDT remains MANUAL because live position count is 0
app-1  | 2026-09-20T06:03:34.534445475Z 2026-09-20 06:03:34,534 INFO httpx: HTTP Request: GET https://api-demo.bybit.com/v5/position/closed-pnl?category=linear&startTime=1789791886771&endTime=1789884214061&limit=100 "HTTP/1.1 200 OK"
app-1  | 2026-09-20T06:03:34.791295858Z 2026-09-20 06:03:34,791 INFO httpx: HTTP Request: GET https://api-demo.bybit.com/v5/position/closed-pnl?category=linear&startTime=1789791886771&endTime=1789884214061&limit=100&cursor=a43ce279-70f0-438b-94b7-02c3aa52d18a%253A1789816306791783463%252Ca43ce279-70f0-438b-94b7-02c3aa52d18a%253A1789816306791783463 "HTTP/1.1 200 OK"
app-1  | 2026-09-20T07:01:24.157564050Z 2026-09-20 07:01:24,157 INFO telethon.client.downloads: Starting direct file download in chunks of 131072 at 0, stride 131072
app-1  | 2026-09-20T07:01:24.660781411Z 2026-09-20 07:01:24,660 INFO telethon.client.downloads: Starting direct file download in chunks of 131072 at 0, stride 131072
app-1  | 2026-09-20T07:01:24.781256821Z 2026-09-20 07:01:24,781 INFO telethon.client.downloads: Starting direct file download in chunks of 131072 at 0, stride 131072
app-1  | 2026-09-20T07:01:26.071974181Z 2026-09-20 07:01:26,071 INFO httpx: HTTP Request: GET https://api-demo.bybit.com/v5/market/time "HTTP/1.1 200 OK"
app-1  | 2026-09-20T07:01:26.072094652Z 2026-09-20 07:01:26,072 INFO cautious_crypto_bro.bybit: Bybit clock offset +25298 ms (RTT 1795 ms)
app-1  | 2026-09-20T07:01:26.100217060Z 2026-09-20 07:01:26,100 INFO httpx: HTTP Request: GET https://api-demo.bybit.com/v5/market/time "HTTP/1.1 200 OK"
app-1  | 2026-09-20T07:01:26.101077628Z 2026-09-20 07:01:26,100 INFO cautious_crypto_bro.bybit: Bybit clock offset +24995 ms (RTT 1200 ms)
app-1  | 2026-09-20T07:01:26.298684736Z 2026-09-20 07:01:26,298 INFO httpx: HTTP Request: GET https://api-demo.bybit.com/v5/position/list?category=linear&settleCoin=USDT&limit=200 "HTTP/1.1 200 OK"
app-1  | 2026-09-20T07:01:26.337600366Z 2026-09-20 07:01:26,337 INFO httpx: HTTP Request: GET https://api-demo.bybit.com/v5/position/list?category=linear&settleCoin=USDT&limit=200 "HTTP/1.1 200 OK"
app-1  | 2026-09-20T07:01:26.526603607Z 2026-09-20 07:01:26,526 INFO httpx: HTTP Request: GET https://api-demo.bybit.com/v5/position/list?category=linear&settleCoin=USDT&limit=200&cursor=BTCUSDT%252C1789862400086%252C0 "HTTP/1.1 200 OK"
app-1  | 2026-09-20T07:01:26.575884809Z 2026-09-20 07:01:26,575 INFO httpx: HTTP Request: GET https://api-demo.bybit.com/v5/position/list?category=linear&settleCoin=USDT&limit=200&cursor=BTCUSDT%252C1789862400086%252C0 "HTTP/1.1 200 OK"
app-1  | 2026-09-20T07:01:26.813553612Z 2026-09-20 07:01:26,813 INFO httpx: HTTP Request: GET https://api-demo.bybit.com/v5/order/realtime?category=linear&settleCoin=USDT&openOnly=0&limit=50 "HTTP/1.1 200 OK"
app-1  | 2026-09-20T07:01:26.909369706Z 2026-09-20 07:01:26,909 INFO httpx: HTTP Request: GET https://api-demo.bybit.com/v5/order/realtime?category=linear&settleCoin=USDT&openOnly=0&limit=50 "HTTP/1.1 200 OK"
app-1  | 2026-09-20T07:01:27.051062278Z 2026-09-20 07:01:27,050 INFO httpx: HTTP Request: GET https://api-demo.bybit.com/v5/order/realtime?category=linear&settleCoin=USDT&openOnly=0&limit=50&cursor=aa2586b8-d929-4f2e-821d-e16ce9803060%253A1789826707131%252C33134651-4d5b-4043-b54c-2a578f32b7a0%253A1789398492436 "HTTP/1.1 200 OK"
app-1  | 2026-09-20T07:01:27.135909184Z 2026-09-20 07:01:27,135 INFO httpx: HTTP Request: GET https://api-demo.bybit.com/v5/order/realtime?category=linear&settleCoin=USDT&openOnly=0&limit=50&cursor=aa2586b8-d929-4f2e-821d-e16ce9803060%253A1789826707131%252C33134651-4d5b-4043-b54c-2a578f32b7a0%253A1789398492436 "HTTP/1.1 200 OK"
app-1  | 2026-09-20T07:01:30.001492398Z 2026-09-20 07:01:30,001 INFO httpx: HTTP Request: POST https://openrouter.ai/api/v1/chat/completions "HTTP/1.1 200 OK"
app-1  | 2026-09-20T07:01:30.087174533Z 2026-09-20 07:01:30,086 INFO httpx: HTTP Request: POST https://openrouter.ai/api/v1/chat/completions "HTTP/1.1 200 OK"
app-1  | 2026-09-20T07:01:36.948484142Z 2026-09-20 07:01:36,948 INFO cautious_crypto_bro.openrouter: OpenRouter inference for -1002243423111/8053 (1 image(s)) completed in 9.80s on attempt 1/3
app-1  | 2026-09-20T07:01:38.577777642Z 2026-09-20 07:01:38,577 INFO httpx: HTTP Request: GET https://api-demo.bybit.com/v5/position/closed-pnl?category=linear&startTime=1789797814061&endTime=1789887696954&limit=100 "HTTP/1.1 200 OK"
app-1  | 2026-09-20T07:01:38.753723701Z 2026-09-20 07:01:38,753 WARNING cautious_crypto_bro.openrouter: Invalid OpenRouter structured output for -1003965967125/3005 on attempt 1/3: 1 validation error for IntentExtraction
app-1  | 2026-09-20T07:01:38.753789768Z intents.0.confidence
app-1  | 2026-09-20T07:01:38.753793044Z   Field required [type=missing, input_value={'symbol': 'UNIUSDT', 'si...ng significant profit.'}, input_type=dict]
app-1  | 2026-09-20T07:01:38.753795629Z     For further information visit https://errors.pydantic.dev/2.13/v/missing
app-1  | 2026-09-20T07:01:38.753798134Z 2026-09-20 07:01:38,753 WARNING cautious_crypto_bro.openrouter: OpenRouter attempt 1/3 failed for -1003965967125/3005: OpenRouter returned invalid structured output; retrying
app-1  | 2026-09-20T07:01:38.809168043Z 2026-09-20 07:01:38,808 INFO httpx: HTTP Request: GET https://api-demo.bybit.com/v5/position/closed-pnl?category=linear&startTime=1789797814061&endTime=1789887696954&limit=100&cursor=a43ce279-70f0-438b-94b7-02c3aa52d18a%253A1789816306791783463%252Ca43ce279-70f0-438b-94b7-02c3aa52d18a%253A1789816306791783463 "HTTP/1.1 200 OK"
app-1  | 2026-09-20T07:01:39.077113403Z 2026-09-20 07:01:39,076 INFO httpx: HTTP Request: GET https://api-demo.bybit.com/v5/position/list?category=linear&symbol=BEATUSDT "HTTP/1.1 200 OK"
app-1  | 2026-09-20T07:01:39.303081746Z 2026-09-20 07:01:39,302 INFO httpx: HTTP Request: GET https://api-demo.bybit.com/v5/order/realtime?category=linear&symbol=BEATUSDT&openOnly=0&orderFilter=Order&limit=50 "HTTP/1.1 200 OK"
app-1  | 2026-09-20T07:01:39.530751872Z 2026-09-20 07:01:39,530 INFO httpx: HTTP Request: GET https://api-demo.bybit.com/v5/position/list?category=linear&symbol=BEATUSDT "HTTP/1.1 200 OK"
app-1  | 2026-09-20T07:01:39.755516454Z 2026-09-20 07:01:39,755 INFO httpx: HTTP Request: GET https://api-demo.bybit.com/v5/order/realtime?category=linear&symbol=BEATUSDT&openOnly=0&orderFilter=Order&limit=50 "HTTP/1.1 200 OK"
app-1  | 2026-09-20T07:01:39.983290229Z 2026-09-20 07:01:39,983 INFO httpx: HTTP Request: GET https://api-demo.bybit.com/v5/position/list?category=linear&symbol=BEATUSDT "HTTP/1.1 200 OK"
app-1  | 2026-09-20T07:01:40.210040204Z 2026-09-20 07:01:40,209 INFO httpx: HTTP Request: GET https://api-demo.bybit.com/v5/order/realtime?category=linear&symbol=BEATUSDT&openOnly=0&orderFilter=Order&limit=50 "HTTP/1.1 200 OK"
app-1  | 2026-09-20T07:01:40.434836778Z 2026-09-20 07:01:40,434 INFO httpx: HTTP Request: POST https://api-demo.bybit.com/v5/order/create "HTTP/1.1 200 OK"
app-1  | 2026-09-20T07:01:40.750058913Z 2026-09-20 07:01:40,749 INFO cautious_crypto_bro.service: AUTO position action 5afbccfc-ca3a-422e-8d0d-18e798f29261 finished EXECUTED
app-1  | 2026-09-20T07:01:52.431349149Z 2026-09-20 07:01:52,431 INFO httpx: HTTP Request: POST https://openrouter.ai/api/v1/chat/completions "HTTP/1.1 200 OK"
app-1  | 2026-09-20T07:02:04.607239849Z 2026-09-20 07:02:04,607 INFO cautious_crypto_bro.openrouter: OpenRouter inference for -1003965967125/3005 (2 image(s)) completed in 25.35s on attempt 2/3
app-1  | 2026-09-20T07:02:04.611972075Z 2026-09-20 07:02:04,611 INFO cautious_crypto_bro.openrouter: Ignoring UPDATE_EXISTING candidate from -1003965967125/3005 for UNIUSDT
app-1  | 2026-09-20T07:02:04.612161647Z 2026-09-20 07:02:04,611 INFO cautious_crypto_bro.openrouter: No actionable intent for -1003965967125/3005: The post shows a screenshot of an open UNIUSDT short position with a significant profit, which corresponds to the trader's previous activity (though the specific UNI position is not in the current account_positions, it is in the source_open_history as PENDING, and the text 'Неплохой вход поймали вчера по UNI' confirms an existing trade being reported).
app-1  | 2026-09-20T07:20:08.770549817Z 2026-09-20 07:20:08,770 INFO telethon.client.updates: Got difference for channel 2243423111 updates
app-1  | 2026-09-20T07:20:24.364554416Z 2026-09-20 07:20:24,364 INFO telethon.client.downloads: Starting direct file download in chunks of 131072 at 0, stride 131072
app-1  | 2026-09-20T07:20:25.140761996Z 2026-09-20 07:20:25,140 INFO httpx: HTTP Request: GET https://api-demo.bybit.com/v5/market/time "HTTP/1.1 200 OK"
app-1  | 2026-09-20T07:20:25.140960416Z 2026-09-20 07:20:25,140 INFO cautious_crypto_bro.bybit: Bybit clock offset +24732 ms (RTT 652 ms)
app-1  | 2026-09-20T07:20:25.634504497Z 2026-09-20 07:20:25,634 INFO httpx: HTTP Request: GET https://api-demo.bybit.com/v5/position/list?category=linear&settleCoin=USDT&limit=200 "HTTP/1.1 200 OK"
app-1  | 2026-09-20T07:20:25.865079155Z 2026-09-20 07:20:25,864 INFO httpx: HTTP Request: GET https://api-demo.bybit.com/v5/position/list?category=linear&settleCoin=USDT&limit=200&cursor=BTCUSDT%252C1789862400086%252C0 "HTTP/1.1 200 OK"
app-1  | 2026-09-20T07:20:26.098305338Z 2026-09-20 07:20:26,098 INFO httpx: HTTP Request: GET https://api-demo.bybit.com/v5/order/realtime?category=linear&settleCoin=USDT&openOnly=0&limit=50 "HTTP/1.1 200 OK"
app-1  | 2026-09-20T07:20:26.328403113Z 2026-09-20 07:20:26,328 INFO httpx: HTTP Request: GET https://api-demo.bybit.com/v5/order/realtime?category=linear&settleCoin=USDT&openOnly=0&limit=50&cursor=aa2586b8-d929-4f2e-821d-e16ce9803060%253A1789826707131%252C33134651-4d5b-4043-b54c-2a578f32b7a0%253A1789398492436 "HTTP/1.1 200 OK"
app-1  | 2026-09-20T07:20:28.912244591Z 2026-09-20 07:20:28,912 INFO httpx: HTTP Request: POST https://openrouter.ai/api/v1/chat/completions "HTTP/1.1 200 OK"
app-1  | 2026-09-20T07:20:29.892546192Z 2026-09-20 07:20:29,892 INFO cautious_crypto_bro.openrouter: OpenRouter inference for -1003965967125/3007 (1 image(s)) completed in 3.55s on attempt 1/3
app-1  | 2026-09-20T07:20:29.897452486Z 2026-09-20 07:20:29,897 INFO cautious_crypto_bro.openrouter: No actionable intent for -1003965967125/3007: The post contains only observational commentary regarding Bitcoin's weekly gap and an informational screenshot of open interest data; no new trade signals or position actions are provided.
